Rank,EntryId,EntryName,TimeRemaining,Points,Lineup,,Player,Roster Position,%Drafted,FPTS
1,5190203889,jsecor,0,455,G Scottie Scheffler G Cameron Young G Russell Henley G Hideki Matsuyama G Si Woo Kim G Sahith Theegala,,Matt Fitzpatrick,G,69.93%,22
2,5190363106,Marsharks,0,444.5,G Scottie Scheffler G Sam Burns G Russell Henley G Patrick Cantlay G Patrick Reed G Si Woo Kim,,Robert MacIntyre,G,49.89%,63
3,5189195114,Billcorbettsucks07,0,433.5,G Jon Rahm G Collin Morikawa G Chris Gotterup G Robert MacIntyre G Sam Burns G Si Woo Kim,,Tom Kim,G,36.82%,22.5
4,5189252095,eisen_m,0,432.5,G Rory McIlroy G Tommy Fleetwood G Sam Burns G J.J. Spaun G Kurt Kitayama G Victor Perez,,Si Woo Kim,G,36.17%,76.5
5,5189765747,S1V1GE,0,424,G Rory McIlroy G Tommy Fleetwood G Ludvig Aberg G Adam Scott G Nick Taylor G Pierceson Coody,,Tommy Fleetwood,G,30.50%,88
6,5190341164,Skittles194413,0,415,G Scottie Scheffler G Collin Morikawa G Chris Gotterup G Patrick Reed G John Parry G Victor Perez,,Viktor Hovland,G,30.28%,23.5
7,5189151974,Brneely24,0,412.5,G Justin Rose G Cameron Young G Chris Gotterup G Sam Burns G Russell Henley G Justin Thomas,,Chris Gotterup,G,29.19%,67
8,5190399340,dhlonestar,0,411,G Tommy Fleetwood G Cameron Young G Wyndham Clark G Robert MacIntyre G Patrick Reed G Hideki Matsuyama,,Russell Henley,G,22.66%,74.5
9,5190036957,DrShaft,0,410,G Rory McIlroy G Tommy Fleetwood G Russell Henley G Si Woo Kim G Min Woo Lee G Michael Thorbjornsen,,Wyndham Clark,G,22.44%,33.5
10,5189730537,L96226,0,409,G Scottie Scheffler G Robert MacIntyre G Sam Burns G Patrick Cantlay G Patrick Reed G Min Woo Lee,,Collin Morikawa,G,20.92%,72.5
11,5190244808,Goliath127,0,408,G Tommy Fleetwood G Collin Morikawa G Wyndham Clark G Robert MacIntyre G Russell Henley G Si Woo Kim,,Rory McIlroy,G,18.74%,66
12,5189445102,sra7991,0,407,G Scottie Scheffler G Robert MacIntyre G Russell Henley G Patrick Cantlay G Si Woo Kim G Min Woo Lee,,Tyrrell Hatton,G,18.08%,46.5
13,5190025057,tmheiman,0,406,G Scottie Scheffler G Matt Fitzpatrick G Patrick Reed G Min Woo Lee G Adam Scott G Ryan Fox,,Patrick Reed,G,16.78%,61
14,5189396097,HOKIETODD,0,403.5,G Rory McIlroy G Chris Gotterup G Patrick Reed G Si Woo Kim G Tom Kim G Ryan Fox,,Sam Burns,G,13.29%,92
15,5189240789,johnkmerryman1,0,400,G Tommy Fleetwood G Ludvig Aberg G Collin Morikawa G Hideki Matsuyama G Si Woo Kim G Tom Kim,,Min Woo Lee,G,12.85%,52.5
16,5190295159,bgdonahoe,0,399,G Tommy Fleetwood G Collin Morikawa G Chris Gotterup G Robert MacIntyre G Russell Henley G Harry Hall,,Jon Rahm,G,12.64%,62.5
16,5190354469,Smokeyl53,0,399,G Scottie Scheffler G Collin Morikawa G Sam Burns G Hideki Matsuyama G Brian Harman G Rickie Fowler,,Patrick Cantlay,G,10.68%,59
18,5190058249,Merc5,0,396,G Tommy Fleetwood G Xander Schauffele G Tyrrell Hatton G Patrick Reed G Si Woo Kim G J.J. Spaun,,Justin Rose,G,10.46%,24.5
19,5190439283,Nicreem,0,394.5,G Rory McIlroy G Tommy Fleetwood G Sam Burns G Tom Kim G Eugenio Lopez-Chacarra G Jordan L. Smith,,Scottie Scheffler,G,10.02%,81.5
20,5190018789,Claydo40,0,394,G Rory McIlroy G Xander Schauffele G Collin Morikawa G Russell Henley G Ryo Hisatsune G John Parry,,Alex Fitzpatrick,G,9.59%,44
21,5189564456,jmorgera212,0,393.5,G Scottie Scheffler G Collin Morikawa G Alex Fitzpatrick G Patrick Cantlay G Si Woo Kim G J.J. Spaun,,Hideki Matsuyama,G,7.63%,69
22,5189242496,jfcarter,0,393,G Matt Fitzpatrick G Collin Morikawa G Chris Gotterup G Robert MacIntyre G Sam Burns G Si Woo Kim,,Justin Thomas,G,6.32%,58
22,5189266833,Mcoleman1902,0,393,G Tommy Fleetwood G Matt Fitzpatrick G Robert MacIntyre G Russell Henley G Hideki Matsuyama G Si Woo Kim,,Xander Schauffele,G,6.10%,64
22,5190463722,Praetorian10,0,393,G Tommy Fleetwood G Cameron Young G Tyrrell Hatton G Russell Henley G Patrick Cantlay G Harris English,,Cameron Young,G,5.23%,96.5
25,5190260744,weston14,0,390,G Tommy Fleetwood G Ludvig Aberg G Collin Morikawa G Russell Henley G Patrick Reed G Tom Kim,,Brian Harman,G,5.01%,17
26,5190051613,VChair23,0,386,G Tommy Fleetwood G Matt Fitzpatrick G Shane Lowry G Russell Henley G Patrick Cantlay G Si Woo Kim,,Ludvig Aberg,G,4.79%,71.5
26,5190198677,djr4fsu,0,386,G Rory McIlroy G Jon Rahm G Sam Burns G Justin Thomas G Nicolai Hojgaard G Adam Scott,,Aaron Rai,G,4.58%,19
28,5189133281,runitback20,0,385,G Tommy Fleetwood G Jon Rahm G Tyrrell Hatton G Sam Burns G Nicolai Hojgaard G Ryan Gerard,,Nicolai Hojgaard,G,4.58%,29
28,5189748672,gedds44,0,385,G Matt Fitzpatrick G Collin Morikawa G Shane Lowry G Sam Burns G Russell Henley G Justin Thomas,,Shane Lowry,G,4.36%,66
30,5189350928,rshep13,0,384,G Matt Fitzpatrick G Tyrrell Hatton G Collin Morikawa G Sam Burns G Russell Henley G Si Woo Kim,,Jordan Spieth,G,3.92%,18
31,5189747806,lignace,0,383.5,G Tommy Fleetwood G Ludvig Aberg G Collin Morikawa G Si Woo Kim G Min Woo Lee G Tom Kim,,Joaquin Niemann,G,3.70%,19
31,5190239872,b_blissful17,0,383.5,G Cameron Young G Tyrrell Hatton G Chris Gotterup G Viktor Hovland G Sam Burns G Justin Thomas,,J.J. Spaun,G,3.70%,60
31,5190448968,FinkDaddy,0,383.5,G Tommy Fleetwood G Collin Morikawa G Chris Gotterup G Robert MacIntyre G Russell Henley G Akshay Bhatia,,Maverick McNealy,G,2.83%,23
34,5190097929,dnobes19,0,380.5,G Scottie Scheffler G Chris Gotterup G Sam Burns G Hideki Matsuyama G Tom Kim G Sepp Straka,,Akshay Bhatia,G,2.40%,18.5
35,5190113952,GulchRats,0,378.5,G Tommy Fleetwood G Matt Fitzpatrick G Chris Gotterup G Justin Thomas G Si Woo Kim G Rickie Fowler,,Jordan L. Smith,G,2.18%,69
36,5190080542,LoganGrewe50,0,377.5,G Tommy Fleetwood G Jon Rahm G Viktor Hovland G Russell Henley G Si Woo Kim G Min Woo Lee,,Ben Griffin,G,2.18%,49
37,5189603614,gqinxs,0,376.5,G Tommy Fleetwood G Matt Fitzpatrick G Robert MacIntyre G Russell Henley G Si Woo Kim G Min Woo Lee,,Cameron Smith,G,1.96%,25.5
37,5190363079,domin8ters,0,376.5,G Tommy Fleetwood G Matt Fitzpatrick G Robert MacIntyre G Russell Henley G Si Woo Kim G Min Woo Lee,,Nick Taylor,G,1.96%,55
39,5188856218,CousinSpike,0,376,G Tyrrell Hatton G Collin Morikawa G Chris Gotterup G Viktor Hovland G Sam Burns G Russell Henley,,Kurt Kitayama,G,1.96%,59
39,5188939101,BILLYBOY61,0,376,G Matt Fitzpatrick G Cameron Young G Wyndham Clark G Robert MacIntyre G Sam Burns G Hideki Matsuyama,,Brooks Koepka,G,1.74%,59.5
39,5190302422,Vinnymug1,0,376,G Tommy Fleetwood G Ludvig Aberg G Chris Gotterup G Shane Lowry G Patrick Reed G Tom Kim,,Corey Conners,G,1.74%,67
42,5189645043,answ3r22,0,375,G Scottie Scheffler G Viktor Hovland G Russell Henley G Patrick Cantlay G Si Woo Kim G J.J. Spaun,,Harris English,G,1.74%,28.5
42,5190192823,Redivivus,0,375,G Scottie Scheffler G Chris Gotterup G Russell Henley G Si Woo Kim G Min Woo Lee G Maverick McNealy,,Victor Perez,G,1.74%,67.5
42,5190252273,asuhoya,0,375,G Tommy Fleetwood G Collin Morikawa G Robert MacIntyre G Patrick Reed G Keith Mitchell G Victor Perez,,Keith Mitchell,G,1.74%,23
45,5190261664,zachm5,0,374.5,G Rory McIlroy G Tommy Fleetwood G Hideki Matsuyama G Si Woo Kim G Min Woo Lee G Tom Kim,,Adam Scott,G,1.74%,78.5
46,5189537235,weswillrock,0,374,G Tommy Fleetwood G Ludvig Aberg G Robert MacIntyre G Shane Lowry G Cameron Smith G J.J. Spaun,,Ryan Fox,G,1.53%,110.5
47,5189760102,ricanrolla330,0,373,G Scottie Scheffler G Chris Gotterup G Wyndham Clark G Si Woo Kim G Jacob Bridgeman G Michael Thorbjornsen,,Ryo Hisatsune,G,1.53%,51.5
47,5190247403,Maury2620,0,373,G Scottie Scheffler G Collin Morikawa G Wyndham Clark G Sam Burns G Keith Mitchell G Jackson Suber,,Ryan Gerard,G,1.53%,67
49,5190388697,jabbo123,0,372.5,G Tommy Fleetwood G Matt Fitzpatrick G Collin Morikawa G Patrick Reed G Si Woo Kim G Min Woo Lee,,Michael Thorbjornsen,G,1.53%,52.5
50,5189194345,storfelen,0,371.5,G Scottie Scheffler G Cameron Young G Sam Burns G Tom Kim G Brian Harman G Jacob Bridgeman,,Sahith Theegala,G,1.53%,57
50,5190436770,alexm21,0,371.5,G Rory McIlroy G Chris Gotterup G Robert MacIntyre G Sam Burns G Patrick Reed G Tom Kim,,John Parry,G,1.31%,65.5
52,5189648000,naecakez,0,371,G Scottie Scheffler G Cameron Young G Brooks Koepka G Patrick Cantlay G Min Woo Lee G Hao-Tong Li,,Rickie Fowler,G,1.31%,67
52,5189942712,Jimsblindpig,0,371,G Rory McIlroy G Tyrrell Hatton G Collin Morikawa G Shane Lowry G Max Homa G Sahith Theegala,,Eugenio Lopez-Chacarra,G,1.09%,57
54,5190144013,SerpicoHCS,0,370.5,G Tommy Fleetwood G Matt Fitzpatrick G Collin Morikawa G Patrick Cantlay G Si Woo Kim G Min Woo Lee,,Kristoffer Reitan,G,1.09%,64.5
55,5189414496,olsont7675,0,370,G Rory McIlroy G Collin Morikawa G Wyndham Clark G Hideki Matsuyama G Si Woo Kim G Min Woo Lee,,Alex Noren,G,1.09%,59
56,5189656171,Bullykillerz,0,369,G Xander Schauffele G Ludvig Aberg G Collin Morikawa G Viktor Hovland G Patrick Reed G Si Woo Kim,,Sam Stevens,G,0.87%,22
57,5189364774,cre8iv_G,0,368.5,G Rory McIlroy G Matt Fitzpatrick G Cameron Young G Si Woo Kim G Nick Taylor G Michael Thorbjornsen,,Jacob Bridgeman,G,0.87%,62
58,5189080136,stahlerk,0,368,G Rory McIlroy G Xander Schauffele G Cameron Young G Patrick Reed G Eugenio Lopez-Chacarra G Caleb Surratt,,Max Homa,G,0.87%,63
58,5190456670,Go4th7,0,368,G Matt Fitzpatrick G Collin Morikawa G Chris Gotterup G Robert MacIntyre G Russell Henley G Hideki Matsuyama,,Francesco Molinari,G,0.87%,56.5
60,5189481636,CashLineCriminal,0,366.5,G Tommy Fleetwood G Matt Fitzpatrick G Robert MacIntyre G Justin Thomas G Patrick Cantlay G Si Woo Kim,,Nicolas Echavarria,G,0.87%,44.5
60,5189661259,griffalicious24,0,366.5,G Tommy Fleetwood G Matt Fitzpatrick G Robert MacIntyre G Justin Thomas G Patrick Cantlay G Si Woo Kim,,Keita Nakajima,G,0.87%,21.5
60,5190234564,zach6682,0,366.5,G Matt Fitzpatrick G Ludvig Aberg G Collin Morikawa G Robert MacIntyre G Patrick Reed G Si Woo Kim,,Jackson Suber,G,0.87%,70.5
63,5188898422,johndr1946,0,366,G Matt Fitzpatrick G Ludvig Aberg G Collin Morikawa G Chris Gotterup G Tom Kim G Ryan Fox,,Stewart Cink,G,0.65%,21.5
64,5189785586,thelawnmower,0,365,G Matt Fitzpatrick G Xander Schauffele G Chris Gotterup G Russell Henley G Patrick Reed G Si Woo Kim,,Gary Woodland,G,0.65%,21.5
65,5189242999,MnBLkbrd84,0,364.5,G Ludvig Aberg G Cameron Young G Viktor Hovland G Wyndham Clark G Robert MacIntyre G Si Woo Kim,,Jason Day,G,0.65%,20
65,5190438982,telestar,0,364.5,G Tommy Fleetwood G Tyrrell Hatton G Collin Morikawa G Wyndham Clark G Si Woo Kim G Jesper Svensson,,Bryson DeChambeau,G,0.65%,71.5
67,5190374086,comets1234,0,364,G Tommy Fleetwood G Matt Fitzpatrick G Robert MacIntyre G Sam Burns G Si Woo Kim G Tom Kim,,Rasmus Hojgaard,G,0.65%,21
67,5190462352,esones,0,364,G Tommy Fleetwood G Matt Fitzpatrick G Robert MacIntyre G Sam Burns G Si Woo Kim G Tom Kim,,Matthew Jordan,G,0.65%,20
69,5189381247,antimo13,0,363,G Rory McIlroy G Tommy Fleetwood G Matt Fitzpatrick G Ryan Fox G Nick Taylor G Keita Nakajima,,Tom McKibbin,G,0.44%,22
69,5189937428,D4Boys,0,363,G Tommy Fleetwood G Matt Fitzpatrick G Collin Morikawa G Wyndham Clark G Si Woo Kim G Jackson Suber,,Marco Penge,G,0.44%,70.5
71,5188954049,moklovin,0,362.5,G Scottie Scheffler G Viktor Hovland G Robert MacIntyre G Patrick Cantlay G Si Woo Kim G Kurt Kitayama,,Michael Kim,G,0.44%,23.5
71,5189235274,WCW111,0,362.5,G Matt Fitzpatrick G Xander Schauffele G Chris Gotterup G Shane Lowry G Russell Henley G Jordan L. Smith,,Hao-Tong Li,G,0.44%,22
73,5189931544,mac1121,0,362,G Xander Schauffele G Tyrrell Hatton G Chris Gotterup G Sam Burns G Russell Henley G Jordan Spieth,,Johnny Keefer,G,0.44%,49
74,5189495686,mjarz02,0,361,G Rory McIlroy G Tyrrell Hatton G Viktor Hovland G Sam Burns G Tom Kim G Ryan Fox,,J.T. Poston,G,0.44%,25
74,5190221104,nmeints,0,361,G Rory McIlroy G Collin Morikawa G Sam Burns G Alex Fitzpatrick G Patrick Reed G Cameron Smith,,Sepp Straka,G,0.44%,48.5
76,5189336655,Tolfato,0,360.5,G Tommy Fleetwood G Tyrrell Hatton G Collin Morikawa G Russell Henley G Jordan Spieth G Patrick Reed,,Matt Wallace,G,0.22%,60.5
77,5190429794,thekaiser51,0,359.5,G Tommy Fleetwood G Jon Rahm G Shane Lowry G Alex Fitzpatrick G Si Woo Kim G Tom Kim,,Henrik Stenson,G,0.22%,27.5
78,5190252107,10Brody10,0,359,G Tommy Fleetwood G Matt Fitzpatrick G Robert MacIntyre G Russell Henley G Min Woo Lee G Kurt Kitayama,,Laurie Canter,G,0.22%,55.5
79,5189279298,resnick72,0,358.5,G Matt Fitzpatrick G Tyrrell Hatton G Robert MacIntyre G Shane Lowry G Sam Burns G Hideki Matsuyama,,David Duval,G,0.22%,13
80,5189742595,BlakeSeddens10,0,358,G Tommy Fleetwood G Matt Fitzpatrick G Cameron Young G Hideki Matsuyama G Tom Kim G J.J. Spaun,,Darren Clarke,G,0.22%,19
81,5189599816,bucky207,0,357,G Rory McIlroy G Ludvig Aberg G Viktor Hovland G Sam Burns G Ben Griffin G Nick Taylor,,Caleb Surratt,G,0.22%,23.5
81,5189788736,dtrayne,0,357,G Tyrrell Hatton G Collin Morikawa G Chris Gotterup G Wyndham Clark G Robert MacIntyre G Russell Henley,,Tim Wiedemeyer,G,0.22%,15
83,5189245235,dfnonn,0,355.5,G Justin Rose G Cameron Young G Tyrrell Hatton G Chris Gotterup G Sam Burns G Nicolai Hojgaard,,Padraig Harrington,G,0.22%,22
83,5190301586,The-Yips,0,355.5,G Rory McIlroy G Tommy Fleetwood G Patrick Cantlay G Patrick Reed G Tom Kim G Alex Noren,,Michael Brennan,G,0.22%,53.5
83,5190443908,labo2000,0,355.5,G Rory McIlroy G Matt Fitzpatrick G Chris Gotterup G Si Woo Kim G Francesco Molinari G Victor Perez,,Bud Cauley,G,0.22%,62
86,5189299145,flangen,0,354.5,G Rory McIlroy G Tyrrell Hatton G Robert MacIntyre G Sam Burns G Tom Kim G Kristoffer Reitan,,Billy Horschel,G,0.22%,22
86,5189495126,MrVegas128,0,354.5,G Tommy Fleetwood G Matt Fitzpatrick G Robert MacIntyre G Sam Burns G Tom Kim G Corey Conners,,Jiho Yang,G,0.22%,18.5
88,5188901320,rrsiebe,0,353.5,G Jon Rahm G Ludvig Aberg G Cameron Young G Alex Fitzpatrick G Jordan Spieth G Patrick Reed,,Pierceson Coody,G,0.22%,65
88,5190250735,Bmartinson,0,353.5,G Matt Fitzpatrick G Tyrrell Hatton G Collin Morikawa G Chris Gotterup G Hideki Matsuyama G Si Woo Kim,,Matthew Southgate,G,0.22%,60
90,5189947692,firepooch,0,353,G Ludvig Aberg G Cameron Young G Tyrrell Hatton G Viktor Hovland G Sam Burns G Maverick McNealy,,Rasmus Neergaard-Petersen,G,0.22%,85.5
91,5188837890,POLChief,0,352.5,G Scottie Scheffler G Chris Gotterup G Alex Fitzpatrick G Si Woo Kim G Jacob Bridgeman G Stewart Cink,,Daniel Brown,G,0.22%,77.5
91,5189043342,NIUDave85,0,352.5,G Tommy Fleetwood G Matt Fitzpatrick G Tyrrell Hatton G Robert MacIntyre G Si Woo Kim G Francesco Molinari,,Harry Hall,G,0.22%,34
91,5189541566,Mikeypo2017,0,352.5,G Tommy Fleetwood G Matt Fitzpatrick G Robert MacIntyre G Alex Fitzpatrick G Patrick Cantlay G Si Woo Kim,,Sungjae Im,G,0.22%,67
91,5190019781,smr5240,0,352.5,G Tommy Fleetwood G Matt Fitzpatrick G Robert MacIntyre G Alex Fitzpatrick G Patrick Cantlay G Si Woo Kim,,Jesper Svensson,G,0.22%,47.5
91,5190330706,JWLewis1989,0,352.5,G Tommy Fleetwood G Matt Fitzpatrick G Robert MacIntyre G Alex Fitzpatrick G Patrick Cantlay G Si Woo Kim,,Alex Smalley,G,0.22%,58.5
91,5190409067,oneals1226,0,352.5,G Tommy Fleetwood G Matt Fitzpatrick G Robert MacIntyre G Alex Fitzpatrick G Patrick Cantlay G Si Woo Kim,,,,,
97,5189828096,twjd,0,352,G Scottie Scheffler G Viktor Hovland G Justin Thomas G Patrick Cantlay G Patrick Reed G Hideki Matsuyama,,,,,
98,5189061710,hlkn1010,0,351.5,G Rory McIlroy G Xander Schauffele G Collin Morikawa G Maverick McNealy G Kurt Kitayama G Ryan Gerard,,,,,
98,5190204076,eronau,0,351.5,G Xander Schauffele G Collin Morikawa G Wyndham Clark G Robert MacIntyre G Russell Henley G Alex Fitzpatrick,,,,,
100,5189204408,falstaff78,0,350.5,G Scottie Scheffler G Rory McIlroy G Corey Conners G Kurt Kitayama G Nick Taylor G Padraig Harrington,,,,,
100,5189535822,mobuddy,0,350.5,G Cameron Young G Chris Gotterup G Bryson DeChambeau G Wyndham Clark G Robert MacIntyre G Joaquin Niemann,,,,,
102,5190460655,notantswon,0,350,G Tommy Fleetwood G Justin Rose G Collin Morikawa G Chris Gotterup G Si Woo Kim G Gary Woodland,,,,,
103,5189031769,DaveHoff5813,0,349,G Rory McIlroy G Matt Fitzpatrick G Cameron Young G Hideki Matsuyama G Si Woo Kim G Darren Clarke,,,,,
103,5190036398,rburbrink,0,349,G Matt Fitzpatrick G Justin Rose G Chris Gotterup G Sam Burns G Russell Henley G Hideki Matsuyama,,,,,
103,5190127155,pcrun11,0,349,G Matt Fitzpatrick G Jon Rahm G Cameron Young G Hideki Matsuyama G Si Woo Kim G Tom Kim,,,,,
106,5190041365,shar27871,0,348.5,G Scottie Scheffler G Ludvig Aberg G Robert MacIntyre G Alex Fitzpatrick G Keith Mitchell G John Parry,,,,,
107,5190350289,skylin1013,0,348,G Matt Fitzpatrick G Collin Morikawa G Chris Gotterup G Robert MacIntyre G Kristoffer Reitan G Alex Noren,,,,,
108,5188932969,mw17222,0,347.5,G Rory McIlroy G Matt Fitzpatrick G Russell Henley G Patrick Reed G Hideki Matsuyama G Nick Taylor,,,,,
109,5188875260,weeble7,0,346.5,G Tommy Fleetwood G Matt Fitzpatrick G Robert MacIntyre G Russell Henley G Si Woo Kim G Tom Kim,,,,,
109,5188884181,Amazin11000,0,346.5,G Tommy Fleetwood G Matt Fitzpatrick G Robert MacIntyre G Russell Henley G Si Woo Kim G Tom Kim,,,,,
109,5188972496,marksism,0,346.5,G Tommy Fleetwood G Matt Fitzpatrick G Robert MacIntyre G Russell Henley G Si Woo Kim G Tom Kim,,,,,
109,5189024520,sprothero,0,346.5,G Tommy Fleetwood G Matt Fitzpatrick G Robert MacIntyre G Russell Henley G Si Woo Kim G Tom Kim,,,,,
109,5189127225,NielerAA,0,346.5,G Tommy Fleetwood G Matt Fitzpatrick G Robert MacIntyre G Russell Henley G Si Woo Kim G Tom Kim,,,,,
109,5189182765,walker909,0,346.5,G Tommy Fleetwood G Matt Fitzpatrick G Robert MacIntyre G Russell Henley G Si Woo Kim G Tom Kim,,,,,
109,5189218478,52.4Sharps,0,346.5,G Tommy Fleetwood G Matt Fitzpatrick G Robert MacIntyre G Russell Henley G Si Woo Kim G Tom Kim,,,,,
109,5189551842,wahoowaaa,0,346.5,G Tommy Fleetwood G Matt Fitzpatrick G Robert MacIntyre G Russell Henley G Si Woo Kim G Tom Kim,,,,,
109,5189672242,Msi43089,0,346.5,G Tommy Fleetwood G Matt Fitzpatrick G Robert MacIntyre G Russell Henley G Si Woo Kim G Tom Kim,,,,,
109,5189885475,SoulChild,0,346.5,G Tommy Fleetwood G Matt Fitzpatrick G Robert MacIntyre G Russell Henley G Si Woo Kim G Tom Kim,,,,,
109,5189947067,modurlacher54,0,346.5,G Tommy Fleetwood G Matt Fitzpatrick G Robert MacIntyre G Russell Henley G Si Woo Kim G Tom Kim,,,,,
109,5189960235,kmdilsaver,0,346.5,G Tommy Fleetwood G Matt Fitzpatrick G Robert MacIntyre G Russell Henley G Si Woo Kim G Tom Kim,,,,,
109,5190132607,JacksonFillmore,0,346.5,G Tommy Fleetwood G Matt Fitzpatrick G Robert MacIntyre G Russell Henley G Si Woo Kim G Tom Kim,,,,,
109,5190254259,thekingburrow9,0,346.5,G Tommy Fleetwood G Matt Fitzpatrick G Robert MacIntyre G Russell Henley G Si Woo Kim G Tom Kim,,,,,
109,5190274234,4grlslhmt,0,346.5,G Tommy Fleetwood G Matt Fitzpatrick G Robert MacIntyre G Russell Henley G Si Woo Kim G Tom Kim,,,,,
109,5190291124,bonacrave,0,346.5,G Tommy Fleetwood G Matt Fitzpatrick G Robert MacIntyre G Russell Henley G Si Woo Kim G Tom Kim,,,,,
109,5190343968,jfine131,0,346.5,G Tommy Fleetwood G Matt Fitzpatrick G Robert MacIntyre G Russell Henley G Si Woo Kim G Tom Kim,,,,,
109,5190345382,ahayet1,0,346.5,G Tommy Fleetwood G Matt Fitzpatrick G Robert MacIntyre G Russell Henley G Si Woo Kim G Tom Kim,,,,,
109,5190403128,csurunnerccr,0,346.5,G Tommy Fleetwood G Matt Fitzpatrick G Robert MacIntyre G Russell Henley G Si Woo Kim G Tom Kim,,,,,
128,5189614762,BiG-AcTioN,0,346,G Matt Fitzpatrick G Collin Morikawa G Chris Gotterup G Wyndham Clark G Russell Henley G Si Woo Kim,,,,,
128,5190001970,MnCo,0,346,G Tommy Fleetwood G Matt Fitzpatrick G Collin Morikawa G Wyndham Clark G Adam Scott G Ryo Hisatsune,,,,,
130,5188813338,Huskervision,0,345.5,G Rory McIlroy G Matt Fitzpatrick G Sam Burns G Russell Henley G Hideki Matsuyama G Sam Stevens,,,,,
131,5189920306,2wayyo,0,345,G Tommy Fleetwood G Tyrrell Hatton G Collin Morikawa G Robert MacIntyre G Min Woo Lee G Tom Kim,,,,,
132,5189170499,nspringer09,0,344.5,G Tommy Fleetwood G Tyrrell Hatton G Chris Gotterup G Robert MacIntyre G Aaron Rai G Patrick Reed,,,,,
133,5188922681,Hd10s,0,344,G Rory McIlroy G Tommy Fleetwood G Matt Fitzpatrick G Ryan Gerard G Francesco Molinari G Nicolas Echavarria,,,,,
134,5190243195,Tpafla25,0,343.5,G Justin Rose G Tyrrell Hatton G Chris Gotterup G Robert MacIntyre G Shane Lowry G Si Woo Kim,,,,,
135,5188940880,rokahend,0,342,G Rory McIlroy G Matt Fitzpatrick G Cameron Young G Patrick Reed G Hideki Matsuyama G Henrik Stenson,,,,,
135,5189182652,Stonesalltheway,0,342,G Tommy Fleetwood G Matt Fitzpatrick G Viktor Hovland G Robert MacIntyre G Si Woo Kim G Jordan L. Smith,,,,,
135,5189351633,jdwize,0,342,G Tommy Fleetwood G Matt Fitzpatrick G Viktor Hovland G Robert MacIntyre G Si Woo Kim G Jordan L. Smith,,,,,
135,5189513712,kjstevens11,0,342,G Tyrrell Hatton G Collin Morikawa G Chris Gotterup G Bryson DeChambeau G Viktor Hovland G Patrick Reed,,,,,
139,5190088871,amazins86,0,341.5,G Rory McIlroy G Tommy Fleetwood G Joaquin Niemann G Hideki Matsuyama G Si Woo Kim G Keith Mitchell,,,,,
139,5190278885,joephoo,0,341.5,G Tommy Fleetwood G Tyrrell Hatton G Viktor Hovland G Robert MacIntyre G Alex Fitzpatrick G Si Woo Kim,,,,,
139,5190341611,kylerowe11,0,341.5,G Jon Rahm G Justin Rose G Collin Morikawa G Robert MacIntyre G Justin Thomas G Patrick Reed,,,,,
139,5190413772,jtboyd_5,0,341.5,G Matt Fitzpatrick G Xander Schauffele G Chris Gotterup G Robert MacIntyre G Si Woo Kim G Ben Griffin,,,,,
143,5189427213,Orochi,0,340.5,G Tommy Fleetwood G Matt Fitzpatrick G Collin Morikawa G Patrick Cantlay G Si Woo Kim G Tom Kim,,,,,
144,5190142036,redstone10,0,340,G Tommy Fleetwood G Matt Fitzpatrick G Robert MacIntyre G Sam Burns G Min Woo Lee G Tom Kim,,,,,
145,5189183723,Gunners06,0,339.5,G Matt Fitzpatrick G Tyrrell Hatton G Chris Gotterup G Robert MacIntyre G Sam Burns G Ben Griffin,,,,,
145,5189986300,shonuff444,0,339.5,G Matt Fitzpatrick G Cameron Young G Chris Gotterup G Wyndham Clark G Alex Fitzpatrick G Si Woo Kim,,,,,
145,5190298744,ewychers,0,339.5,G Matt Fitzpatrick G Tyrrell Hatton G Chris Gotterup G Robert MacIntyre G Sam Burns G Ben Griffin,,,,,
148,5188945413,watz23,0,339,G Tommy Fleetwood G Matt Fitzpatrick G Robert MacIntyre G Russell Henley G Hideki Matsuyama G Tom Kim,,,,,
148,5190065268,mbass76,0,339,G Matt Fitzpatrick G Collin Morikawa G Chris Gotterup G Robert MacIntyre G Sam Burns G Tom Kim,,,,,
150,5189032892,adyer505,0,338.5,G Matt Fitzpatrick G Tyrrell Hatton G Collin Morikawa G Robert MacIntyre G Russell Henley G J.J. Spaun,,,,,
151,5189480637,jcr1117,0,337.5,G Tommy Fleetwood G Ludvig Aberg G Justin Rose G Jordan Spieth G Patrick Cantlay G Si Woo Kim,,,,,
152,5189826005,Skrod,0,337,G Scottie Scheffler G Collin Morikawa G Russell Henley G Hideki Matsuyama G Tom Kim G Brian Harman,,,,,
153,5188952305,BushwoodGambler,0,336.5,G Scottie Scheffler G Shane Lowry G Brooks Koepka G Jordan Spieth G Patrick Cantlay G Min Woo Lee,,,,,
154,5190261178,jprior,0,336,G Matt Fitzpatrick G Collin Morikawa G Chris Gotterup G Wyndham Clark G Sam Burns G Ben Griffin,,,,,
155,5189318194,PurpleDrank,0,335.5,G Matt Fitzpatrick G Chris Gotterup G Wyndham Clark G Robert MacIntyre G Sam Burns G Justin Thomas,,,,,
155,5190086635,hart132,0,335.5,G Matt Fitzpatrick G Chris Gotterup G Wyndham Clark G Robert MacIntyre G Sam Burns G Justin Thomas,,,,,
157,5189412518,Tuffy7x,0,335,G Tommy Fleetwood G Matt Fitzpatrick G Wyndham Clark G Robert MacIntyre G Justin Thomas G Jackson Suber,,,,,
158,5190316245,whity1winner,0,334.5,G Tommy Fleetwood G Tyrrell Hatton G Wyndham Clark G Robert MacIntyre G Russell Henley G Nicolai Hojgaard,,,,,
159,5189537582,Drekavic,0,333.5,G Rory McIlroy G Jon Rahm G Chris Gotterup G Justin Thomas G Sahith Theegala G Keith Mitchell,,,,,
160,5189964878,amaxwell5,0,332,G Tommy Fleetwood G Matt Fitzpatrick G Chris Gotterup G Robert MacIntyre G Nicolai Hojgaard G Max Homa,,,,,
161,5190381570,Teo2014,0,331.5,G Rory McIlroy G Collin Morikawa G Viktor Hovland G Justin Thomas G Min Woo Lee G Kurt Kitayama,,,,,
162,5189513428,hydrokoma,0,331,G Tommy Fleetwood G Matt Fitzpatrick G Robert MacIntyre G Russell Henley G Patrick Reed G Tom Kim,,,,,
162,5189716164,deznutz58,0,331,G Tommy Fleetwood G Matt Fitzpatrick G Robert MacIntyre G Russell Henley G Patrick Reed G Tom Kim,,,,,
162,5189867700,cnabors82,0,331,G Tommy Fleetwood G Matt Fitzpatrick G Robert MacIntyre G Russell Henley G Patrick Reed G Tom Kim,,,,,
162,5189993750,eaglesticks,0,331,G Scottie Scheffler G Sam Burns G Brooks Koepka G Jordan Spieth G Aaron Rai G Patrick Reed,,,,,
166,5189694031,jguidoboni,0,329.5,G Rory McIlroy G Matt Fitzpatrick G Sam Burns G Tom Kim G Corey Conners G J.J. Spaun,,,,,
167,5189059831,jakblacky,0,329,G Matt Fitzpatrick G Tyrrell Hatton G Collin Morikawa G Robert MacIntyre G Justin Thomas G Corey Conners,,,,,
168,5189034031,tino9477,0,328.5,G Matt Fitzpatrick G Jon Rahm G Cameron Young G Chris Gotterup G Nicolai Hojgaard G Ryo Hisatsune,,,,,
168,5189819921,Deuce6s,0,328.5,G Rory McIlroy G Matt Fitzpatrick G Russell Henley G Si Woo Kim G Tom Kim G Rickie Fowler,,,,,
168,5190436633,Pavich12,0,328.5,G Scottie Scheffler G Tyrrell Hatton G Robert MacIntyre G Jordan Spieth G Rickie Fowler G Michael Thorbjornsen,,,,,
171,5190460650,scottyfootball92,0,328,G Xander Schauffele G Tyrrell Hatton G Chris Gotterup G Viktor Hovland G Justin Thomas G Hideki Matsuyama,,,,,
172,5189328653,pmart69,0,326.5,G Rory McIlroy G Jon Rahm G Robert MacIntyre G Joaquin Niemann G Patrick Reed G Nick Taylor,,,,,
173,5189790367,jagwarrior,0,326,G Tommy Fleetwood G Justin Rose G Tyrrell Hatton G Sam Burns G Min Woo Lee G Tom Kim,,,,,
174,5189539717,mattdaiker,0,325.5,G Scottie Scheffler G Matt Fitzpatrick G Robert MacIntyre G Adam Scott G Sahith Theegala G Michael Kim,,,,,
174,5189626386,johnnymo68,0,325.5,G Tommy Fleetwood G Matt Fitzpatrick G Robert MacIntyre G Patrick Reed G Hideki Matsuyama G Tom Kim,,,,,
174,5190028784,generals_chicken,0,325.5,G Tommy Fleetwood G Collin Morikawa G Robert MacIntyre G Shane Lowry G Aaron Rai G Brian Harman,,,,,
177,5189998084,cglaser,0,325,G Scottie Scheffler G Tommy Fleetwood G Eugenio Lopez-Chacarra G Brian Harman G Nicolai Hojgaard G Michael Thorbjornsen,,,,,
177,5190145247,IxRocketQueenxI,0,325,G Tommy Fleetwood G Matt Fitzpatrick G Collin Morikawa G Patrick Cantlay G Patrick Reed G Tom Kim,,,,,
179,5190346216,OSUCowboy2000,0,324.5,G Rory McIlroy G Collin Morikawa G Wyndham Clark G Patrick Reed G Hideki Matsuyama G Tom Kim,,,,,
180,5190230229,rlw028,0,324,G Scottie Scheffler G Matt Fitzpatrick G Robert MacIntyre G Alex Noren G Rasmus Hojgaard G Daniel Brown,,,,,
180,5190452561,bms17350,0,324,G Rory McIlroy G Chris Gotterup G Wyndham Clark G Robert MacIntyre G Russell Henley G Matthew Jordan,,,,,
182,5189429987,drshockney,0,323.5,G Scottie Scheffler G Chris Gotterup G Wyndham Clark G Russell Henley G Tom Kim G Nicolas Echavarria,,,,,
182,5190079865,Wise_Coyote,0,323.5,G Tommy Fleetwood G Matt Fitzpatrick G Viktor Hovland G Patrick Reed G Si Woo Kim G Min Woo Lee,,,,,
184,5190331303,weltlichat,0,323,G Xander Schauffele G Jon Rahm G Cameron Young G Justin Thomas G Joaquin Niemann G Maverick McNealy,,,,,
184,5190429282,stmarsicek,0,323,G Rory McIlroy G Collin Morikawa G Robert MacIntyre G Russell Henley G Harris English G Akshay Bhatia,,,,,
186,5189095179,Sirrock22,0,322.5,G Tommy Fleetwood G Viktor Hovland G Wyndham Clark G Robert MacIntyre G Sam Burns G Tom Kim,,,,,
186,5189443587,susdans,0,322.5,G Tommy Fleetwood G Cameron Young G Viktor Hovland G Alex Fitzpatrick G Jordan Spieth G Min Woo Lee,,,,,
186,5189982716,jmlawr0,0,322.5,G Scottie Scheffler G Justin Rose G Russell Henley G Justin Thomas G Akshay Bhatia G John Parry,,,,,
189,5189893438,STORMCHASERS,0,322,G Tommy Fleetwood G Matt Fitzpatrick G Ludvig Aberg G Patrick Cantlay G Tom Kim G Alex Noren,,,,,
190,5188995111,Steele928,0,321.5,G Tommy Fleetwood G Matt Fitzpatrick G Viktor Hovland G Patrick Cantlay G Si Woo Kim G Min Woo Lee,,,,,
190,5189014813,Geebir,0,321.5,G Tommy Fleetwood G Matt Fitzpatrick G Viktor Hovland G Patrick Cantlay G Si Woo Kim G Min Woo Lee,,,,,
190,5189180397,Bulldawg633,0,321.5,G Tommy Fleetwood G Matt Fitzpatrick G Viktor Hovland G Patrick Cantlay G Si Woo Kim G Min Woo Lee,,,,,
190,5189195565,Radar5150,0,321.5,G Tommy Fleetwood G Matt Fitzpatrick G Viktor Hovland G Patrick Cantlay G Si Woo Kim G Min Woo Lee,,,,,
190,5189211448,Robtmar,0,321.5,G Tommy Fleetwood G Matt Fitzpatrick G Viktor Hovland G Patrick Cantlay G Si Woo Kim G Min Woo Lee,,,,,
190,5189383565,KenkDallyd,0,321.5,G Matt Fitzpatrick G Jon Rahm G Chris Gotterup G Wyndham Clark G Si Woo Kim G J.J. Spaun,,,,,
190,5189408789,stambizzle,0,321.5,G Tommy Fleetwood G Matt Fitzpatrick G Viktor Hovland G Patrick Cantlay G Si Woo Kim G Min Woo Lee,,,,,
190,5189625839,Jandaddy,0,321.5,G Tommy Fleetwood G Matt Fitzpatrick G Viktor Hovland G Patrick Cantlay G Si Woo Kim G Min Woo Lee,,,,,
190,5189673580,mpizza90,0,321.5,G Tommy Fleetwood G Matt Fitzpatrick G Viktor Hovland G Patrick Cantlay G Si Woo Kim G Min Woo Lee,,,,,
190,5190058282,Snyder28,0,321.5,G Matt Fitzpatrick G Collin Morikawa G Chris Gotterup G Robert MacIntyre G Russell Henley G Tom Kim,,,,,
190,5190251627,br8ybunch,0,321.5,G Xander Schauffele G Justin Rose G Collin Morikawa G Robert MacIntyre G Russell Henley G Maverick McNealy,,,,,
190,5190375894,ajahrendt07,0,321.5,G Matt Fitzpatrick G Collin Morikawa G Chris Gotterup G Robert MacIntyre G Russell Henley G Tom Kim,,,,,
190,5190399278,mgdunaway,0,321.5,G Tommy Fleetwood G Matt Fitzpatrick G Viktor Hovland G Patrick Cantlay G Si Woo Kim G Min Woo Lee,,,,,
203,5189326372,1315718,0,321,G Rory McIlroy G Matt Fitzpatrick G Robert MacIntyre G Si Woo Kim G Nicolai Hojgaard G Kristoffer Reitan,,,,,
203,5189507402,seanyman84,0,321,G Tommy Fleetwood G Matt Fitzpatrick G Robert MacIntyre G Joaquin Niemann G Si Woo Kim G Min Woo Lee,,,,,
205,5188817130,rikj68,0,320.5,G Tommy Fleetwood G Matt Fitzpatrick G Robert MacIntyre G Shane Lowry G Brooks Koepka G Tom McKibbin,,,,,
205,5190233618,jimmy212166,0,320.5,G Matt Fitzpatrick G Tyrrell Hatton G Collin Morikawa G Russell Henley G Alex Fitzpatrick G Patrick Reed,,,,,
207,5190010082,Neddy77,0,320,G Matt Fitzpatrick G Xander Schauffele G Wyndham Clark G Robert MacIntyre G Patrick Reed G Si Woo Kim,,,,,
208,5189961759,dlangmeyer,0,319.5,G Tommy Fleetwood G Matt Fitzpatrick G Collin Morikawa G Robert MacIntyre G Brian Harman G Sahith Theegala,,,,,
209,5189811963,donniej,0,318.5,G Rory McIlroy G Matt Fitzpatrick G Chris Gotterup G Russell Henley G Jordan L. Smith G Matthew Jordan,,,,,
210,5189955131,callahanm328,0,318,G Scottie Scheffler G Chris Gotterup G Robert MacIntyre G Tom Kim G Corey Conners G Brian Harman,,,,,
211,5189792023,RUSALTYYET,0,317.5,G Xander Schauffele G Jon Rahm G Wyndham Clark G Shane Lowry G Russell Henley G Brian Harman,,,,,
211,5190220896,bck4gators,0,317.5,G Xander Schauffele G Collin Morikawa G Viktor Hovland G Wyndham Clark G Robert MacIntyre G Patrick Reed,,,,,
213,5189258954,joeydowntown,0,317,G Rory McIlroy G Matt Fitzpatrick G Robert MacIntyre G Si Woo Kim G Tom Kim G Ryan Gerard,,,,,
213,5190006840,jsiegendorf,0,317,G Rory McIlroy G Matt Fitzpatrick G Robert MacIntyre G Si Woo Kim G Tom Kim G Ryan Gerard,,,,,
213,5190347243,mikerob1404,0,317,G Rory McIlroy G Matt Fitzpatrick G Patrick Reed G Hideki Matsuyama G Si Woo Kim G Tom Kim,,,,,
216,5189184929,TheMoozie,0,316.5,G Scottie Scheffler G Wyndham Clark G Robert MacIntyre G Alex Fitzpatrick G Cameron Smith G Jordan L. Smith,,,,,
216,5189973078,tome9986,0,316.5,G Matt Fitzpatrick G Ludvig Aberg G Collin Morikawa G Shane Lowry G Patrick Cantlay G Cameron Smith,,,,,
216,5190219879,KCDADONN,0,316.5,G Rory McIlroy G Chris Gotterup G Wyndham Clark G Robert MacIntyre G Tom Kim G Kristoffer Reitan,,,,,
219,5190214788,hl1976,0,316,G Tommy Fleetwood G Matt Fitzpatrick G Robert MacIntyre G Alex Fitzpatrick G Si Woo Kim G Tom Kim,,,,,
219,5190471185,bosoxrud21,0,316,G Tommy Fleetwood G Matt Fitzpatrick G Robert MacIntyre G Alex Fitzpatrick G Si Woo Kim G Tom Kim,,,,,
221,5188958257,TheMeutant,0,315,G Matt Fitzpatrick G Xander Schauffele G Chris Gotterup G Robert MacIntyre G Si Woo Kim G Tom Kim,,,,,
222,5189584279,bretedjayhawk,0,314.5,G Matt Fitzpatrick G Collin Morikawa G Chris Gotterup G Russell Henley G Brooks Koepka G Joaquin Niemann,,,,,
223,5189821720,LowTicket66,0,314,G Scottie Scheffler G Justin Rose G Alex Fitzpatrick G Marco Penge G Nicolai Hojgaard G Kristoffer Reitan,,,,,
224,5188792897,smoke_401,0,313.5,G Matt Fitzpatrick G Jon Rahm G Chris Gotterup G Robert MacIntyre G Si Woo Kim G Tom Kim,,,,,
224,5188997347,rcdavids,0,313.5,G Tommy Fleetwood G Matt Fitzpatrick G Chris Gotterup G Robert MacIntyre G Brian Harman G Francesco Molinari,,,,,
224,5189116193,cibs78,0,313.5,G Rory McIlroy G Justin Rose G Robert MacIntyre G Patrick Reed G Si Woo Kim G Tom Kim,,,,,
224,5189779319,MikeHoncho52,0,313.5,G Matt Fitzpatrick G Jon Rahm G Chris Gotterup G Robert MacIntyre G Si Woo Kim G Tom Kim,,,,,
224,5190025056,cjf039,0,313.5,G Matt Fitzpatrick G Jon Rahm G Chris Gotterup G Robert MacIntyre G Si Woo Kim G Tom Kim,,,,,
229,5188865207,kevanbowler1,0,313,G Tommy Fleetwood G Matt Fitzpatrick G Chris Gotterup G Patrick Reed G Min Woo Lee G Tom Kim,,,,,
229,5189069267,firedawg13,0,313,G Matt Fitzpatrick G Tyrrell Hatton G Chris Gotterup G Robert MacIntyre G Sam Burns G Tom Kim,,,,,
229,5189082988,ps673,0,313,G Scottie Scheffler G Rory McIlroy G Si Woo Kim G Min Woo Lee G Stewart Cink G Tim Wiedemeyer,,,,,
229,5190023100,npippett,0,313,G Matt Fitzpatrick G Tyrrell Hatton G Chris Gotterup G Robert MacIntyre G Sam Burns G Tom Kim,,,,,
229,5190201473,LoudmouthSoup,0,313,G Matt Fitzpatrick G Tyrrell Hatton G Chris Gotterup G Robert MacIntyre G Sam Burns G Tom Kim,,,,,
234,5190346619,andreraymond,0,312,G Scottie Scheffler G Viktor Hovland G Brooks Koepka G Justin Thomas G Tom Kim G Rickie Fowler,,,,,
235,5190206372,paychex,0,311.5,G Rory McIlroy G Matt Fitzpatrick G Joaquin Niemann G Patrick Reed G Si Woo Kim G Corey Conners,,,,,
235,5190377647,mensaduffer,0,311.5,G Tommy Fleetwood G Matt Fitzpatrick G Viktor Hovland G Sam Burns G Aaron Rai G Sungjae Im,,,,,
237,5189124519,kochy11,0,311,G Tommy Fleetwood G Matt Fitzpatrick G Tyrrell Hatton G Patrick Reed G Si Woo Kim G Brian Harman,,,,,
237,5190373562,ManoDaOne,0,311,G Rory McIlroy G Jon Rahm G Wyndham Clark G Patrick Cantlay G Tom Kim G Victor Perez,,,,,
239,5189624385,Angie102,0,310.5,G Matt Fitzpatrick G Cameron Young G Collin Morikawa G Wyndham Clark G Robert MacIntyre G Keith Mitchell,,,,,
239,5189636815,bradygolf98,0,310.5,G Rory McIlroy G Jon Rahm G Justin Thomas G Aaron Rai G Si Woo Kim G Harris English,,,,,
239,5189970635,DaveyG,0,310.5,G Jon Rahm G Tyrrell Hatton G Viktor Hovland G Wyndham Clark G Sam Burns G Min Woo Lee,,,,,
239,5190469122,eston21,0,310.5,G Scottie Scheffler G Matt Fitzpatrick G Si Woo Kim G Ben Griffin G Maverick McNealy G Alex Smalley,,,,,
243,5189574222,rocklobba,0,310,G Rory McIlroy G Chris Gotterup G Robert MacIntyre G Russell Henley G Tom Kim G Brian Harman,,,,,
244,5190218989,vicwif,0,309.5,G Rory McIlroy G Matt Fitzpatrick G Robert MacIntyre G Russell Henley G Akshay Bhatia G John Parry,,,,,
245,5190013991,isothermal,0,309,G Matt Fitzpatrick G Jon Rahm G Robert MacIntyre G Sam Burns G Alex Fitzpatrick G Cameron Smith,,,,,
245,5190218033,allidoisnap,0,309,G Matt Fitzpatrick G Tyrrell Hatton G Collin Morikawa G Robert MacIntyre G Alex Fitzpatrick G Patrick Reed,,,,,
247,5190344058,tug28,0,308.5,G Matt Fitzpatrick G Viktor Hovland G Wyndham Clark G Robert MacIntyre G Sam Burns G Russell Henley,,,,,
248,5188810211,KColonel1969,0,308,G Matt Fitzpatrick G Tyrrell Hatton G Viktor Hovland G Robert MacIntyre G Sam Burns G Patrick Reed,,,,,
248,5188921295,cowanbrew,0,308,G Tommy Fleetwood G Justin Rose G Chris Gotterup G Wyndham Clark G Si Woo Kim G Akshay Bhatia,,,,,
248,5189185700,jjral11,0,308,G Tommy Fleetwood G Matt Fitzpatrick G Tyrrell Hatton G Si Woo Kim G Min Woo Lee G Tom Kim,,,,,
248,5189309138,Busch107,0,308,G Rory McIlroy G Matt Fitzpatrick G Robert MacIntyre G Russell Henley G Patrick Reed G Keita Nakajima,,,,,
248,5189737251,wsstander,0,308,G Rory McIlroy G Matt Fitzpatrick G Robert MacIntyre G Russell Henley G Brian Harman G John Parry,,,,,
248,5190448640,NYC_Irish,0,308,G Rory McIlroy G Matt Fitzpatrick G Viktor Hovland G Patrick Reed G Ryan Fox G J.T. Poston,,,,,
254,5189599843,Ballen14,0,307.5,G Tommy Fleetwood G Matt Fitzpatrick G Wyndham Clark G Robert MacIntyre G Tom Kim G Adam Scott,,,,,
255,5189243289,jmarren19,0,307,G Tommy Fleetwood G Matt Fitzpatrick G Viktor Hovland G Alex Fitzpatrick G Joaquin Niemann G Ryan Fox,,,,,
255,5190448005,mjamezrite,0,307,G Matt Fitzpatrick G Collin Morikawa G Chris Gotterup G Robert MacIntyre G Tom Kim G J.J. Spaun,,,,,
257,5188851612,rustyunicorn,0,306.5,G Matt Fitzpatrick G Jon Rahm G Viktor Hovland G Robert MacIntyre G Patrick Cantlay G Si Woo Kim,,,,,
257,5188865114,James1532,0,306.5,G Matt Fitzpatrick G Jon Rahm G Viktor Hovland G Robert MacIntyre G Patrick Cantlay G Si Woo Kim,,,,,
257,5188920860,DrGernie,0,306.5,G Scottie Scheffler G Matt Fitzpatrick G Si Woo Kim G Min Woo Lee G Tom Kim G Ryo Hisatsune,,,,,
257,5188952580,sportsfanatic89,0,306.5,G Matt Fitzpatrick G Jon Rahm G Viktor Hovland G Robert MacIntyre G Patrick Cantlay G Si Woo Kim,,,,,
257,5188973249,rush4542,0,306.5,G Matt Fitzpatrick G Jon Rahm G Viktor Hovland G Robert MacIntyre G Patrick Cantlay G Si Woo Kim,,,,,
257,5189003652,chrissair,0,306.5,G Matt Fitzpatrick G Jon Rahm G Viktor Hovland G Robert MacIntyre G Patrick Cantlay G Si Woo Kim,,,,,
257,5189250776,burnsy2323,0,306.5,G Matt Fitzpatrick G Jon Rahm G Viktor Hovland G Robert MacIntyre G Patrick Cantlay G Si Woo Kim,,,,,
257,5189711144,JTcapSNAKE,0,306.5,G Matt Fitzpatrick G Jon Rahm G Viktor Hovland G Robert MacIntyre G Patrick Cantlay G Si Woo Kim,,,,,
257,5190161621,ma15102,0,306.5,G Matt Fitzpatrick G Jon Rahm G Viktor Hovland G Robert MacIntyre G Patrick Cantlay G Si Woo Kim,,,,,
257,5190195671,Firedog50,0,306.5,G Matt Fitzpatrick G Jon Rahm G Viktor Hovland G Robert MacIntyre G Patrick Cantlay G Si Woo Kim,,,,,
267,5190124221,Bgoebert,0,306,G Matt Fitzpatrick G Tyrrell Hatton G Viktor Hovland G Robert MacIntyre G Russell Henley G Si Woo Kim,,,,,
268,5189006849,pigskinninja,0,305.5,G Matt Fitzpatrick G Collin Morikawa G Chris Gotterup G Viktor Hovland G Alex Fitzpatrick G Si Woo Kim,,,,,
268,5190080290,Bernie51,0,305.5,G Tommy Fleetwood G Matt Fitzpatrick G Xander Schauffele G Jordan Spieth G Hideki Matsuyama G Nicolas Echavarria,,,,,
270,5189896668,mtots,0,305,G Rory McIlroy G Justin Rose G Tyrrell Hatton G Tom Kim G Corey Conners G Adam Scott,,,,,
271,5189643281,colt-boy,0,304.5,G Tommy Fleetwood G Xander Schauffele G Justin Rose G Aaron Rai G Ben Griffin G J.J. Spaun,,,,,
271,5189918260,Jrummel,0,304.5,G Tommy Fleetwood G Matt Fitzpatrick G Viktor Hovland G Robert MacIntyre G Tom Kim G Rasmus Neergaard-Petersen,,,,,
273,5189061895,Khines77,0,304,G Matt Fitzpatrick G Chris Gotterup G Wyndham Clark G Robert MacIntyre G Russell Henley G Alex Fitzpatrick,,,,,
273,5189476646,lineman32000,0,304,G Matt Fitzpatrick G Chris Gotterup G Wyndham Clark G Robert MacIntyre G Russell Henley G Alex Fitzpatrick,,,,,
273,5189498510,larrybob,0,304,G Matt Fitzpatrick G Chris Gotterup G Wyndham Clark G Robert MacIntyre G Russell Henley G Alex Fitzpatrick,,,,,
273,5190387371,smack2112,0,304,G Matt Fitzpatrick G Chris Gotterup G Wyndham Clark G Robert MacIntyre G Russell Henley G Alex Fitzpatrick,,,,,
273,5190419809,LongShanks242,0,304,G Tommy Fleetwood G Justin Rose G Tyrrell Hatton G Wyndham Clark G Min Woo Lee G Alex Noren,,,,,
278,5190040114,higgyballs,0,303.5,G Matt Fitzpatrick G Tyrrell Hatton G Chris Gotterup G Robert MacIntyre G Alex Fitzpatrick G Patrick Reed,,,,,
279,5190248639,jbird2853,0,303,G Matt Fitzpatrick G Tyrrell Hatton G Collin Morikawa G Chris Gotterup G Si Woo Kim G Akshay Bhatia,,,,,
280,5189011853,duke5021,0,300.5,G Tommy Fleetwood G Matt Fitzpatrick G Collin Morikawa G Aaron Rai G Si Woo Kim G Tom Kim,,,,,
280,5189723835,BTTW,0,300.5,G Tommy Fleetwood G Matt Fitzpatrick G Collin Morikawa G Aaron Rai G Si Woo Kim G Tom Kim,,,,,
282,5188831253,jenner150,0,300,G Matt Fitzpatrick G Jon Rahm G Viktor Hovland G Robert MacIntyre G Si Woo Kim G Min Woo Lee,,,,,
282,5188852504,jrancor22,0,300,G Matt Fitzpatrick G Jon Rahm G Viktor Hovland G Robert MacIntyre G Si Woo Kim G Min Woo Lee,,,,,
282,5189055129,Elklvr,0,300,G Matt Fitzpatrick G Jon Rahm G Viktor Hovland G Robert MacIntyre G Si Woo Kim G Min Woo Lee,,,,,
282,5189405020,Cicima6709,0,300,G Matt Fitzpatrick G Jon Rahm G Viktor Hovland G Robert MacIntyre G Si Woo Kim G Min Woo Lee,,,,,
282,5189569537,ztrivett21,0,300,G Matt Fitzpatrick G Jon Rahm G Viktor Hovland G Robert MacIntyre G Si Woo Kim G Min Woo Lee,,,,,
282,5189631910,timmyteebow,0,300,G Matt Fitzpatrick G Jon Rahm G Viktor Hovland G Robert MacIntyre G Si Woo Kim G Min Woo Lee,,,,,
282,5189737028,RackCiiity0,0,300,G Matt Fitzpatrick G Jon Rahm G Viktor Hovland G Robert MacIntyre G Si Woo Kim G Min Woo Lee,,,,,
282,5189868318,COtter22,0,300,G Matt Fitzpatrick G Jon Rahm G Viktor Hovland G Robert MacIntyre G Si Woo Kim G Min Woo Lee,,,,,
282,5190044388,yellowsub,0,300,G Matt Fitzpatrick G Jon Rahm G Viktor Hovland G Robert MacIntyre G Si Woo Kim G Min Woo Lee,,,,,
282,5190071319,PetrGibbons,0,300,G Matt Fitzpatrick G Jon Rahm G Viktor Hovland G Robert MacIntyre G Si Woo Kim G Min Woo Lee,,,,,
282,5190197191,phillbennetzen,0,300,G Matt Fitzpatrick G Jon Rahm G Viktor Hovland G Robert MacIntyre G Si Woo Kim G Min Woo Lee,,,,,
282,5190261236,Golf_Coach,0,300,G Matt Fitzpatrick G Jon Rahm G Viktor Hovland G Robert MacIntyre G Si Woo Kim G Min Woo Lee,,,,,
282,5190319102,kipper12,0,300,G Matt Fitzpatrick G Jon Rahm G Viktor Hovland G Robert MacIntyre G Si Woo Kim G Min Woo Lee,,,,,
295,5190373099,bigship1,0,299.5,G Matt Fitzpatrick G Xander Schauffele G Tyrrell Hatton G Chris Gotterup G Sepp Straka G Ryo Hisatsune,,,,,
296,5188950445,TheSleeper80,0,299,G Rory McIlroy G Matt Fitzpatrick G Viktor Hovland G Robert MacIntyre G Jordan L. Smith G Laurie Canter,,,,,
296,5189199462,LuckySchmuck,0,299,G Tommy Fleetwood G Matt Fitzpatrick G Ludvig Aberg G J.J. Spaun G Harris English G Nicolai Hojgaard,,,,,
296,5189257316,sluggggs620,0,299,G Matt Fitzpatrick G Tyrrell Hatton G Chris Gotterup G Wyndham Clark G Robert MacIntyre G Ryan Gerard,,,,,
299,5189557121,ocs4545,0,298,G Matt Fitzpatrick G Jon Rahm G Chris Gotterup G Robert MacIntyre G Patrick Reed G Tom Kim,,,,,
300,5190098303,okanaganoilerfan,0,297.5,G Rory McIlroy G Ludvig Aberg G Shane Lowry G Aaron Rai G Min Woo Lee G Tom Kim,,,,,
301,5189897738,OCCardinal,0,297,G Matt Fitzpatrick G Chris Gotterup G Viktor Hovland G Wyndham Clark G Sam Burns G Patrick Cantlay,,,,,
302,5188986557,MarkVette,0,296.5,G Rory McIlroy G Matt Fitzpatrick G Wyndham Clark G Patrick Cantlay G Patrick Reed G Nick Taylor,,,,,
302,5190316260,stewbiz09,0,296.5,G Matt Fitzpatrick G Tyrrell Hatton G Collin Morikawa G Viktor Hovland G Robert MacIntyre G Jordan L. Smith,,,,,
304,5189614210,hpwils,0,296,G Matt Fitzpatrick G Justin Rose G Collin Morikawa G Wyndham Clark G Russell Henley G Jordan L. Smith,,,,,
305,5189074049,jimjr1724,0,295.5,G Matt Fitzpatrick G Tyrrell Hatton G Chris Gotterup G Robert MacIntyre G Russell Henley G Tom Kim,,,,,
305,5189445233,Tankru,0,295.5,G Matt Fitzpatrick G Tyrrell Hatton G Chris Gotterup G Robert MacIntyre G Russell Henley G Tom Kim,,,,,
305,5189463219,5morales,0,295.5,G Rory McIlroy G Matt Fitzpatrick G Chris Gotterup G Corey Conners G Nicolai Hojgaard G Nicolas Echavarria,,,,,
305,5189484853,parrmannn,0,295.5,G Scottie Scheffler G Tommy Fleetwood G Tom Kim G Maverick McNealy G Nicolai Hojgaard G Ryo Hisatsune,,,,,
305,5190113413,TMcKittrick,0,295.5,G Matt Fitzpatrick G Tyrrell Hatton G Collin Morikawa G Robert MacIntyre G Russell Henley G Brian Harman,,,,,
310,5190444251,Z_Foth,0,295,G Tommy Fleetwood G Matt Fitzpatrick G Chris Gotterup G Joaquin Niemann G Si Woo Kim G Tom Kim,,,,,
311,5189766507,knhunstiger,0,294.5,G Tommy Fleetwood G Matt Fitzpatrick G Justin Rose G Brooks Koepka G Adam Scott G Hao-Tong Li,,,,,
312,5189129209,cailin,0,293.5,G Matt Fitzpatrick G Justin Rose G Tyrrell Hatton G Robert MacIntyre G Patrick Reed G Si Woo Kim,,,,,
312,5190352836,thestevef,0,293.5,G Matt Fitzpatrick G Justin Rose G Tyrrell Hatton G Robert MacIntyre G Patrick Reed G Si Woo Kim,,,,,
314,5190205824,bledsoe2002,0,293,G Tommy Fleetwood G Matt Fitzpatrick G Wyndham Clark G Justin Thomas G Hideki Matsuyama G Tom Kim,,,,,
314,5190400249,Heating_101,0,293,G Tommy Fleetwood G Matt Fitzpatrick G Wyndham Clark G Justin Thomas G Hideki Matsuyama G Tom Kim,,,,,
316,5189848698,billjintheatl,0,292.5,G Rory McIlroy G Matt Fitzpatrick G Robert MacIntyre G Patrick Reed G Nicolai Hojgaard G Ryo Hisatsune,,,,,
317,5189199411,Jherman86,0,292,G Rory McIlroy G Matt Fitzpatrick G Alex Fitzpatrick G Patrick Reed G Si Woo Kim G Tom Kim,,,,,
317,5189653761,dutchboybeez7,0,292,G Matt Fitzpatrick G Collin Morikawa G Chris Gotterup G Wyndham Clark G Russell Henley G Tom Kim,,,,,
317,5189962160,tbdlux,0,292,G Matt Fitzpatrick G Viktor Hovland G Wyndham Clark G Robert MacIntyre G Sam Burns G Justin Thomas,,,,,
317,5190171432,Daphny15,0,292,G Rory McIlroy G Matt Fitzpatrick G Alex Fitzpatrick G Patrick Reed G Si Woo Kim G Tom Kim,,,,,
321,5190204687,scott.weems,0,291.5,G Jon Rahm G Justin Rose G Tyrrell Hatton G Bryson DeChambeau G Patrick Reed G Cameron Smith,,,,,
321,5190289800,IDIZWUDIDIZ,0,291.5,G Matt Fitzpatrick G Tyrrell Hatton G Collin Morikawa G Chris Gotterup G Patrick Reed G Tom Kim,,,,,
323,5189453414,Ant330,0,290,G Matt Fitzpatrick G Chris Gotterup G Viktor Hovland G Robert MacIntyre G Sam Burns G Tom Kim,,,,,
323,5189898606,KendoVT,0,290,G Matt Fitzpatrick G Chris Gotterup G Viktor Hovland G Robert MacIntyre G Sam Burns G Tom Kim,,,,,
323,5190043251,kylerosso12,0,290,G Rory McIlroy G Matt Fitzpatrick G Russell Henley G Si Woo Kim G Tom Kim G Harris English,,,,,
323,5190195405,butchismyhomie,0,290,G Matt Fitzpatrick G Chris Gotterup G Viktor Hovland G Robert MacIntyre G Sam Burns G Tom Kim,,,,,
323,5190266456,pacster5,0,290,G Rory McIlroy G Matt Fitzpatrick G Alex Fitzpatrick G Patrick Cantlay G Si Woo Kim G Tom Kim,,,,,
328,5190158630,mikeo35,0,289.5,G Rory McIlroy G Matt Fitzpatrick G Justin Thomas G Min Woo Lee G Nicolai Hojgaard G Jacob Bridgeman,,,,,
328,5190392630,YaBoiEem,0,289.5,G Rory McIlroy G Matt Fitzpatrick G Robert MacIntyre G Tom Kim G Ben Griffin G Ryan Gerard,,,,,
330,5190377885,rockchalk23,0,289,G Matt Fitzpatrick G Chris Gotterup G Viktor Hovland G Robert MacIntyre G Patrick Reed G Min Woo Lee,,,,,
331,5189283912,Bnscook,0,288.5,G Scottie Scheffler G Matt Fitzpatrick G Jordan Spieth G Si Woo Kim G Keith Mitchell G Victor Perez,,,,,
331,5189778169,joelnash73,0,288.5,G Matt Fitzpatrick G Xander Schauffele G Chris Gotterup G Alex Fitzpatrick G Hideki Matsuyama G Tom Kim,,,,,
333,5189642436,howdydootie707,0,288,G Scottie Scheffler G Justin Rose G Patrick Reed G Hideki Matsuyama G Maverick McNealy G Nicolai Hojgaard,,,,,
334,5189567674,kbb19622,0,287.5,G Rory McIlroy G Matt Fitzpatrick G Justin Thomas G Patrick Cantlay G Tom Kim G J.J. Spaun,,,,,
335,5189145522,mendoza13,0,286.5,G Matt Fitzpatrick G Justin Rose G Robert MacIntyre G Shane Lowry G Sam Burns G Aaron Rai,,,,,
335,5189777427,B32044,0,286.5,G Tommy Fleetwood G Matt Fitzpatrick G Viktor Hovland G Robert MacIntyre G Tom Kim G Victor Perez,,,,,
335,5190309586,bubbapizza,0,286.5,G Justin Rose G Tyrrell Hatton G Collin Morikawa G Chris Gotterup G Justin Thomas G Jordan Spieth,,,,,
338,5189458695,flint33,0,286,G Matt Fitzpatrick G Xander Schauffele G Robert MacIntyre G Justin Thomas G Jordan Spieth G Patrick Reed,,,,,
339,5188815436,evananna1,0,285.5,G Matt Fitzpatrick G Chris Gotterup G Viktor Hovland G Wyndham Clark G Robert MacIntyre G Si Woo Kim,,,,,
339,5188817194,tbakewel,0,285.5,G Matt Fitzpatrick G Chris Gotterup G Viktor Hovland G Wyndham Clark G Robert MacIntyre G Si Woo Kim,,,,,
339,5190129804,mnewtsy,0,285.5,G Matt Fitzpatrick G Chris Gotterup G Viktor Hovland G Wyndham Clark G Robert MacIntyre G Si Woo Kim,,,,,
342,5189477999,wingsrule48045,0,285,G Tommy Fleetwood G Xander Schauffele G Chris Gotterup G Jordan Spieth G Aaron Rai G Nicolai Hojgaard,,,,,
343,5189308537,disnerds87,0,284,G Rory McIlroy G Collin Morikawa G Viktor Hovland G Wyndham Clark G Jordan Spieth G Jackson Suber,,,,,
343,5189435980,Haasedog,0,284,G Rory McIlroy G Jon Rahm G Wyndham Clark G Tom Kim G Marco Penge G Nicolai Hojgaard,,,,,
345,5188962164,RacnSoonr,0,283,G Matt Fitzpatrick G Tyrrell Hatton G Collin Morikawa G Chris Gotterup G Min Woo Lee G Tom Kim,,,,,
345,5190286461,jbox47,0,283,G Rory McIlroy G Matt Fitzpatrick G Collin Morikawa G Alex Fitzpatrick G Sahith Theegala G Stewart Cink,,,,,
347,5189631751,ahc72,0,282.5,G Scottie Scheffler G Justin Rose G Russell Henley G Aaron Rai G Patrick Reed G Sam Stevens,,,,,
348,5189376616,bcyone,0,282,G Matt Fitzpatrick G Collin Morikawa G Chris Gotterup G Viktor Hovland G Russell Henley G Tom Kim,,,,,
349,5189762487,DomoFactor,0,281.5,G Matt Fitzpatrick G Chris Gotterup G Viktor Hovland G Wyndham Clark G Russell Henley G Patrick Reed,,,,,
349,5190187735,HankVol,0,281.5,G Rory McIlroy G Chris Gotterup G Robert MacIntyre G Alex Fitzpatrick G Joaquin Niemann G Tom Kim,,,,,
351,5189284111,baahstonbotfly,0,281,G Tommy Fleetwood G Matt Fitzpatrick G Collin Morikawa G Viktor Hovland G Gary Woodland G Michael Brennan,,,,,
351,5189288683,kelpgk,0,281,G Rory McIlroy G Matt Fitzpatrick G Robert MacIntyre G Alex Fitzpatrick G Brian Harman G Jordan L. Smith,,,,,
353,5189432382,gappa3,0,280.5,G Scottie Scheffler G Ludvig Aberg G Viktor Hovland G Jason Day G Bud Cauley G Billy Horschel,,,,,
353,5190038238,GreenNYellow12,0,280.5,G Scottie Scheffler G Rory McIlroy G Tom Kim G Rickie Fowler G Tom McKibbin G Keita Nakajima,,,,,
355,5189203421,JoeD542,0,280,G Matt Fitzpatrick G Justin Rose G Collin Morikawa G Viktor Hovland G Patrick Reed G Si Woo Kim,,,,,
356,5189531446,huffrg3,0,279.5,G Matt Fitzpatrick G Tyrrell Hatton G Wyndham Clark G Robert MacIntyre G Sam Burns G Tom Kim,,,,,
357,5188813252,tricky8181,0,279,G Matt Fitzpatrick G Tyrrell Hatton G Chris Gotterup G Robert MacIntyre G Justin Thomas G Tom Kim,,,,,
357,5188816868,skeen4440,0,279,G Matt Fitzpatrick G Collin Morikawa G Chris Gotterup G Viktor Hovland G Wyndham Clark G Matt Wallace,,,,,
357,5189021251,buckrust,0,279,G Matt Fitzpatrick G Chris Gotterup G Wyndham Clark G Robert MacIntyre G Russell Henley G Joaquin Niemann,,,,,
357,5189869257,skisting,0,279,G Matt Fitzpatrick G Chris Gotterup G Wyndham Clark G Robert MacIntyre G Russell Henley G Aaron Rai,,,,,
361,5190302438,meathighway,0,278.5,G Matt Fitzpatrick G Justin Rose G Wyndham Clark G Robert MacIntyre G Russell Henley G Patrick Reed,,,,,
362,5189498606,whitehead31,0,277.5,G Jon Rahm G Ludvig Aberg G Collin Morikawa G Viktor Hovland G Joaquin Niemann G Harris English,,,,,
362,5190378365,mcat71090,0,277.5,G Rory McIlroy G Xander Schauffele G Wyndham Clark G Hideki Matsuyama G Maverick McNealy G Sam Stevens,,,,,
364,5190371166,purplefish,0,277,G Scottie Scheffler G Rory McIlroy G Nicolai Hojgaard G Gary Woodland G Sahith Theegala G Sam Stevens,,,,,
365,5189012368,meghannault,0,276.5,G Tommy Fleetwood G Matt Fitzpatrick G Viktor Hovland G Alex Fitzpatrick G Si Woo Kim G Tom Kim,,,,,
365,5189200931,Idolatrine,0,276.5,G Tommy Fleetwood G Matt Fitzpatrick G Viktor Hovland G Alex Fitzpatrick G Si Woo Kim G Tom Kim,,,,,
365,5189260511,Crickett198,0,276.5,G Matt Fitzpatrick G Collin Morikawa G Chris Gotterup G Wyndham Clark G Robert MacIntyre G Akshay Bhatia,,,,,
365,5190209461,hoax_ok,0,276.5,G Scottie Scheffler G Xander Schauffele G Tom Kim G Maverick McNealy G Harris English G Eugenio Lopez-Chacarra,,,,,
369,5189923370,tygriffy,0,276,G Rory McIlroy G Tyrrell Hatton G Robert MacIntyre G Justin Thomas G Tom Kim G Jason Day,,,,,
370,5189610035,TriggaCityShrek,0,275,G Matt Fitzpatrick G Collin Morikawa G Chris Gotterup G Wyndham Clark G Robert MacIntyre G Brian Harman,,,,,
371,5189908792,Jgrap515,0,274,G Matt Fitzpatrick G Justin Rose G Chris Gotterup G Robert MacIntyre G Russell Henley G Maverick McNealy,,,,,
371,5190131585,nyrblue,0,274,G Rory McIlroy G Justin Rose G Viktor Hovland G Patrick Reed G Si Woo Kim G Tom Kim,,,,,
373,5189708027,nickjd03,0,273.5,G Matt Fitzpatrick G Tyrrell Hatton G Viktor Hovland G Robert MacIntyre G Shane Lowry G Min Woo Lee,,,,,
373,5190366390,moundercoach,0,273.5,G Matt Fitzpatrick G Xander Schauffele G Collin Morikawa G Wyndham Clark G Tom Kim G Kurt Kitayama,,,,,
375,5190465033,ttanakaeprox,0,272.5,G Tommy Fleetwood G Matt Fitzpatrick G Tyrrell Hatton G Si Woo Kim G Tom Kim G Brian Harman,,,,,
376,5189181354,Po1958,0,272,G Matt Fitzpatrick G Justin Rose G Tyrrell Hatton G Wyndham Clark G Hideki Matsuyama G Si Woo Kim,,,,,
377,5190261252,Mcgoobs207,0,270.5,G Matt Fitzpatrick G Jon Rahm G Viktor Hovland G Wyndham Clark G Si Woo Kim G Min Woo Lee,,,,,
378,5189860513,NYGFan56,0,270,G Matt Fitzpatrick G Jon Rahm G Viktor Hovland G Robert MacIntyre G Si Woo Kim G Tom Kim,,,,,
378,5190119660,Gatton2023,0,270,G Matt Fitzpatrick G Jon Rahm G Viktor Hovland G Robert MacIntyre G Si Woo Kim G Tom Kim,,,,,
378,5190204240,nitropv615,0,270,G Matt Fitzpatrick G Chris Gotterup G Viktor Hovland G Wyndham Clark G Robert MacIntyre G Patrick Reed,,,,,
378,5190298774,5obez,0,270,G Matt Fitzpatrick G Chris Gotterup G Viktor Hovland G Wyndham Clark G Robert MacIntyre G Patrick Reed,,,,,
378,5190415190,j0ebaggs,0,270,G Matt Fitzpatrick G Chris Gotterup G Viktor Hovland G Wyndham Clark G Robert MacIntyre G Patrick Reed,,,,,
383,5189981224,jaroms2001,0,268.5,G Tommy Fleetwood G Justin Rose G Tyrrell Hatton G Viktor Hovland G Akshay Bhatia G Victor Perez,,,,,
384,5189972989,Jhawks1881,0,267.5,G Matt Fitzpatrick G Justin Rose G Viktor Hovland G Robert MacIntyre G Russell Henley G J.J. Spaun,,,,,
384,5190028845,snooks1282,0,267.5,G Matt Fitzpatrick G Justin Rose G Tyrrell Hatton G Wyndham Clark G Sam Burns G Johnny Keefer,,,,,
384,5190172695,force1234,0,267.5,G Matt Fitzpatrick G Justin Rose G Viktor Hovland G Robert MacIntyre G Russell Henley G J.J. Spaun,,,,,
387,5189244657,impeccablycomingup,0,266.5,G Tommy Fleetwood G Matt Fitzpatrick G Justin Rose G Min Woo Lee G Tom Kim G Eugenio Lopez-Chacarra,,,,,
387,5189466512,nealbellucci,0,266.5,G Matt Fitzpatrick G Jon Rahm G Viktor Hovland G Robert MacIntyre G Aaron Rai G Si Woo Kim,,,,,
387,5189732876,giantsquid,0,266.5,G Matt Fitzpatrick G Jon Rahm G Viktor Hovland G Robert MacIntyre G Aaron Rai G Si Woo Kim,,,,,
387,5190292532,jhnhng,0,266.5,G Matt Fitzpatrick G Jon Rahm G Viktor Hovland G Robert MacIntyre G Aaron Rai G Si Woo Kim,,,,,
387,5190402818,slagow,0,266.5,G Matt Fitzpatrick G Jon Rahm G Viktor Hovland G Robert MacIntyre G Aaron Rai G Si Woo Kim,,,,,
392,5189789023,laser1064,0,266,G Matt Fitzpatrick G Collin Morikawa G Viktor Hovland G Wyndham Clark G Sam Burns G Tom Kim,,,,,
392,5190415089,iansunbury,0,266,G Scottie Scheffler G Matt Fitzpatrick G Patrick Reed G Tom Kim G Kurt Kitayama G Jason Day,,,,,
394,5190226904,Jscard,0,265.5,G Tommy Fleetwood G Matt Fitzpatrick G Russell Henley G Alex Fitzpatrick G Jordan Spieth G Aaron Rai,,,,,
395,5190158116,capperman79,0,265,G Rory McIlroy G Matt Fitzpatrick G Joaquin Niemann G Patrick Cantlay G Si Woo Kim G Tom Kim,,,,,
396,5189007065,Blomsters,0,264.5,G Rory McIlroy G Matt Fitzpatrick G Chris Gotterup G Wyndham Clark G Max Homa G David Duval,,,,,
396,5189591862,jme0628,0,264.5,G Rory McIlroy G Matt Fitzpatrick G Ludvig Aberg G Robert MacIntyre G Michael Kim G Jiho Yang,,,,,
398,5190270744,Redtractor,0,264,G Matt Fitzpatrick G Chris Gotterup G Viktor Hovland G Robert MacIntyre G Shane Lowry G Tom Kim,,,,,
399,5190287767,krg29,0,263.5,G Matt Fitzpatrick G Tyrrell Hatton G Collin Morikawa G Viktor Hovland G Si Woo Kim G Tom Kim,,,,,
400,5190366574,arnoldgo,0,262.5,G Matt Fitzpatrick G Justin Rose G Chris Gotterup G Wyndham Clark G Robert MacIntyre G Michael Thorbjornsen,,,,,
401,5189225321,crashdavis8,0,262,G Matt Fitzpatrick G Tyrrell Hatton G Wyndham Clark G Robert MacIntyre G Russell Henley G Tom Kim,,,,,
402,5189284957,dgtidwell33,0,261.5,G Tommy Fleetwood G Matt Fitzpatrick G Wyndham Clark G Joaquin Niemann G Si Woo Kim G Tom Kim,,,,,
402,5190253242,tman228,0,261.5,G Scottie Scheffler G Matt Fitzpatrick G Robert MacIntyre G Brian Harman G Keith Mitchell G Nick Taylor,,,,,
404,5190305030,djpop10,0,261,G Tommy Fleetwood G Matt Fitzpatrick G Viktor Hovland G Alex Fitzpatrick G Patrick Reed G Tom Kim,,,,,
405,5189850131,hodjitime,0,260.5,G Matt Fitzpatrick G Tyrrell Hatton G Chris Gotterup G Wyndham Clark G Russell Henley G Brian Harman,,,,,
406,5189605264,bradsmith1679,0,258,G Matt Fitzpatrick G Jon Rahm G Collin Morikawa G Wyndham Clark G Ben Griffin G Akshay Bhatia,,,,,
407,5189584287,Scottopga,0,255.5,G Rory McIlroy G Matt Fitzpatrick G Robert MacIntyre G Patrick Reed G Tom Kim G Rasmus Hojgaard,,,,,
407,5189886372,Sweat4Caymus,0,255.5,G Rory McIlroy G Matt Fitzpatrick G Justin Rose G Robert MacIntyre G Matthew Jordan G Matthew Southgate,,,,,
409,5188960289,gianteck,0,252.5,G Rory McIlroy G Justin Rose G Viktor Hovland G Patrick Cantlay G Patrick Reed G Akshay Bhatia,,,,,
409,5190308508,Liunas,0,252.5,G Matt Fitzpatrick G Jon Rahm G Justin Rose G Shane Lowry G Akshay Bhatia G Kurt Kitayama,,,,,
411,5189523252,Buona,0,251,G Rory McIlroy G Chris Gotterup G Wyndham Clark G Alex Fitzpatrick G Jordan Spieth G Tom Kim,,,,,
412,5188904903,gooddudz,0,250,G Matt Fitzpatrick G Jon Rahm G Tyrrell Hatton G Wyndham Clark G Tom Kim G Max Homa,,,,,
413,5189278966,Steak318,0,249,G Tommy Fleetwood G Matt Fitzpatrick G Justin Rose G Hideki Matsuyama G Harris English G Brian Harman,,,,,
414,5190214993,wnelson11515,0,247,G Matt Fitzpatrick G Xander Schauffele G Viktor Hovland G Robert MacIntyre G Ben Griffin G Cameron Smith,,,,,
414,5190397903,rukusix,0,247,G Matt Fitzpatrick G Tyrrell Hatton G Collin Morikawa G Viktor Hovland G Tom Kim G J.J. Spaun,,,,,
416,5188932963,Tiny_Classified_Ads,0,246.5,G Matt Fitzpatrick G Xander Schauffele G Tyrrell Hatton G Russell Henley G Tom Kim G Brian Harman,,,,,
417,5189770961,APorter819,0,244,G Rory McIlroy G Matt Fitzpatrick G Chris Gotterup G Joaquin Niemann G Rasmus Hojgaard G Johnny Keefer,,,,,
418,5189193631,ryanebs,0,243.5,G Rory McIlroy G Matt Fitzpatrick G Chris Gotterup G Alex Fitzpatrick G Maverick McNealy G Keita Nakajima,,,,,
419,5189055195,jbrandt20,0,242.5,G Matt Fitzpatrick G Tyrrell Hatton G Chris Gotterup G Viktor Hovland G Patrick Reed G Tom Kim,,,,,
419,5189733595,mbruno296,0,242.5,G Matt Fitzpatrick G Justin Rose G Tyrrell Hatton G Chris Gotterup G Tom Kim G J.J. Spaun,,,,,
419,5189918219,Ratpot,0,242.5,G Matt Fitzpatrick G Tyrrell Hatton G Chris Gotterup G Viktor Hovland G Patrick Reed G Tom Kim,,,,,
419,5190334153,robbieb0717,0,242.5,G Matt Fitzpatrick G Tyrrell Hatton G Chris Gotterup G Viktor Hovland G Patrick Reed G Tom Kim,,,,,
423,5190265113,lar5000,0,241,G Matt Fitzpatrick G Tyrrell Hatton G Collin Morikawa G Wyndham Clark G Alex Fitzpatrick G Tom Kim,,,,,
424,5189600931,Cholas,0,239.5,G Matt Fitzpatrick G Tyrrell Hatton G Russell Henley G Brooks Koepka G Joaquin Niemann G Jordan Spieth,,,,,
425,5189992269,surken,0,237.5,G Rory McIlroy G Matt Fitzpatrick G Tyrrell Hatton G Cameron Smith G J.T. Poston G Michael Thorbjornsen,,,,,
426,5188857195,cmoehn13,0,237,G Matt Fitzpatrick G Collin Morikawa G Viktor Hovland G Wyndham Clark G Robert MacIntyre G Tom Kim,,,,,
426,5188879684,pahlyt,0,237,G Matt Fitzpatrick G Collin Morikawa G Viktor Hovland G Wyndham Clark G Robert MacIntyre G Tom Kim,,,,,
426,5189481468,3rd_and_schlong,0,237,G Matt Fitzpatrick G Collin Morikawa G Viktor Hovland G Wyndham Clark G Robert MacIntyre G Tom Kim,,,,,
426,5189537190,7778yankees,0,237,G Matt Fitzpatrick G Collin Morikawa G Viktor Hovland G Wyndham Clark G Robert MacIntyre G Tom Kim,,,,,
426,5190043699,Pizzat00,0,237,G Matt Fitzpatrick G Collin Morikawa G Viktor Hovland G Wyndham Clark G Robert MacIntyre G Tom Kim,,,,,
426,5190228225,MEGasaurus,0,237,G Matt Fitzpatrick G Collin Morikawa G Viktor Hovland G Wyndham Clark G Robert MacIntyre G Tom Kim,,,,,
426,5190388247,pthorpe25,0,237,G Matt Fitzpatrick G Collin Morikawa G Viktor Hovland G Wyndham Clark G Robert MacIntyre G Tom Kim,,,,,
433,5189295348,haberkj,0,235,G Matt Fitzpatrick G Tyrrell Hatton G Collin Morikawa G Viktor Hovland G Jordan Spieth G Min Woo Lee,,,,,
433,5189470120,jjcote,0,235,G Tommy Fleetwood G Matt Fitzpatrick G Justin Rose G Patrick Reed G Tom Kim G Brian Harman,,,,,
435,5188838615,danno222,0,233,G Matt Fitzpatrick G Justin Rose G Viktor Hovland G Shane Lowry G Russell Henley G Tom Kim,,,,,
435,5189819718,okeebryan,0,233,G Matt Fitzpatrick G Justin Rose G Tyrrell Hatton G Sam Burns G Aaron Rai G Nicolai Hojgaard,,,,,
437,5188872038,Cubbiesftw23,0,231.5,G Matt Fitzpatrick G Chris Gotterup G Viktor Hovland G Wyndham Clark G Robert MacIntyre G Tom Kim,,,,,
437,5188889895,moyer8989,0,231.5,G Matt Fitzpatrick G Chris Gotterup G Viktor Hovland G Wyndham Clark G Robert MacIntyre G Tom Kim,,,,,
437,5188947667,Woppo12,0,231.5,G Matt Fitzpatrick G Chris Gotterup G Viktor Hovland G Wyndham Clark G Robert MacIntyre G Tom Kim,,,,,
437,5189251269,RockettMan37,0,231.5,G Matt Fitzpatrick G Chris Gotterup G Viktor Hovland G Wyndham Clark G Robert MacIntyre G Tom Kim,,,,,
437,5189326245,rp1381,0,231.5,G Matt Fitzpatrick G Chris Gotterup G Viktor Hovland G Wyndham Clark G Robert MacIntyre G Tom Kim,,,,,
437,5189339749,cglenn91,0,231.5,G Matt Fitzpatrick G Chris Gotterup G Viktor Hovland G Wyndham Clark G Robert MacIntyre G Tom Kim,,,,,
437,5189490222,griz78,0,231.5,G Matt Fitzpatrick G Chris Gotterup G Viktor Hovland G Wyndham Clark G Robert MacIntyre G Tom Kim,,,,,
437,5189508287,don.erdall,0,231.5,G Matt Fitzpatrick G Chris Gotterup G Viktor Hovland G Wyndham Clark G Robert MacIntyre G Tom Kim,,,,,
437,5189590640,foreman2577,0,231.5,G Matt Fitzpatrick G Chris Gotterup G Viktor Hovland G Wyndham Clark G Robert MacIntyre G Tom Kim,,,,,
437,5189603257,ajq73,0,231.5,G Matt Fitzpatrick G Chris Gotterup G Viktor Hovland G Wyndham Clark G Robert MacIntyre G Tom Kim,,,,,
437,5189781727,ElmoyHayes1,0,231.5,G Matt Fitzpatrick G Chris Gotterup G Viktor Hovland G Wyndham Clark G Robert MacIntyre G Tom Kim,,,,,
437,5190088949,tbell11,0,231.5,G Matt Fitzpatrick G Chris Gotterup G Viktor Hovland G Wyndham Clark G Robert MacIntyre G Tom Kim,,,,,
437,5190124276,Theresnocryinginbbal,0,231.5,G Matt Fitzpatrick G Chris Gotterup G Viktor Hovland G Wyndham Clark G Robert MacIntyre G Tom Kim,,,,,
437,5190427556,nicedreaminc,0,231.5,G Matt Fitzpatrick G Chris Gotterup G Viktor Hovland G Wyndham Clark G Robert MacIntyre G Tom Kim,,,,,
451,5190304072,turbato,0,228.5,G Tommy Fleetwood G Justin Rose G Tyrrell Hatton G Viktor Hovland G Brian Harman G Nicolai Hojgaard,,,,,
452,5189640552,tbonegmen,0,225.5,G Tommy Fleetwood G Matt Fitzpatrick G Viktor Hovland G Alex Fitzpatrick G Aaron Rai G Nicolai Hojgaard,,,,,
453,5188806231,MC02,0,222.5,G Rory McIlroy G Justin Rose G Chris Gotterup G Tom Kim G Cameron Smith G Brian Harman,,,,,
453,5189401470,Deethree,0,222.5,G Matt Fitzpatrick G Tyrrell Hatton G Viktor Hovland G Wyndham Clark G Russell Henley G Tom Kim,,,,,
455,5189234848,martie21,0,220.5,G Matt Fitzpatrick G Justin Rose G Chris Gotterup G Viktor Hovland G Patrick Reed G Tom Kim,,,,,
456,5188814967,Juthall91,0,218,G Matt Fitzpatrick G Tyrrell Hatton G Viktor Hovland G Robert MacIntyre G Alex Fitzpatrick G Joaquin Niemann,,,,,
457,5189503208,Jyoung3,0,212.5,G Matt Fitzpatrick G Jon Rahm G Viktor Hovland G Robert MacIntyre G Aaron Rai G Tom Kim,,,,,
458,5189318538,CLGK,0,201,G Matt Fitzpatrick G Justin Rose G Viktor Hovland G Wyndham Clark G Russell Henley G Maverick McNealy,,,,,
459,5190397378,jackkilian,0,0,,,,,,