HOLE-BY-HOLE DETAIL,,,,,,,,,
"Event: Bank of Utah Championship (401850915) | Success: 120 | Failed: 0 | Updated: 10/1/2026, 2:59:17 PM",,,,,,,,,
,,,,,,,,,
Player,Player ID,Round,Hole,Par,Strokes,Score Type,To Par,Round Score,Round To Par
Zach Bauchou,10030,1,1,4,3,Birdie,-1,9,-2
Zach Bauchou,10030,1,2,4,3,Birdie,-1,9,-2
Zach Bauchou,10030,1,3,3,3,Par,E,9,-2
Nick Hardy,10048,1,10,4,4,Par,E,13,+1
Nick Hardy,10048,1,11,4,5,Bogey,+1,13,+1
Nick Hardy,10048,1,12,4,4,Par,E,13,+1
Denny McCarthy,10054,1,1,4,3,Birdie,-1,68,-3
Denny McCarthy,10054,1,2,4,4,Par,E,68,-3
Denny McCarthy,10054,1,3,3,3,Par,E,68,-3
Denny McCarthy,10054,1,4,4,4,Par,E,68,-3
Denny McCarthy,10054,1,5,4,4,Par,E,68,-3
Denny McCarthy,10054,1,6,4,4,Par,E,68,-3
Denny McCarthy,10054,1,7,5,5,Par,E,68,-3
Denny McCarthy,10054,1,8,3,3,Par,E,68,-3
Denny McCarthy,10054,1,9,5,5,Par,E,68,-3
Denny McCarthy,10054,1,10,4,4,Par,E,68,-3
Denny McCarthy,10054,1,11,4,4,Par,E,68,-3
Denny McCarthy,10054,1,12,4,3,Birdie,-1,68,-3
Denny McCarthy,10054,1,13,4,4,Par,E,68,-3
Denny McCarthy,10054,1,14,4,3,Birdie,-1,68,-3
Denny McCarthy,10054,1,15,3,3,Par,E,68,-3
Denny McCarthy,10054,1,16,4,4,Par,E,68,-3
Denny McCarthy,10054,1,17,3,4,Bogey,+1,68,-3
Denny McCarthy,10054,1,18,5,4,Birdie,-1,68,-3
Davis Riley,10058,1,1,4,4,Par,E,69,-2
Davis Riley,10058,1,2,4,4,Par,E,69,-2
Davis Riley,10058,1,3,3,2,Birdie,-1,69,-2
Davis Riley,10058,1,4,4,3,Birdie,-1,69,-2
Davis Riley,10058,1,5,4,3,Birdie,-1,69,-2
Davis Riley,10058,1,6,4,3,Birdie,-1,69,-2
Davis Riley,10058,1,7,5,5,Par,E,69,-2
Davis Riley,10058,1,8,3,2,Birdie,-1,69,-2
Davis Riley,10058,1,9,5,5,Par,E,69,-2
Davis Riley,10058,1,10,4,5,Bogey,+1,69,-2
Davis Riley,10058,1,11,4,4,Par,E,69,-2
Davis Riley,10058,1,12,4,4,Par,E,69,-2
Davis Riley,10058,1,13,4,5,Bogey,+1,69,-2
Davis Riley,10058,1,14,4,4,Par,E,69,-2
Davis Riley,10058,1,15,3,3,Par,E,69,-2
Davis Riley,10058,1,16,4,4,Par,E,69,-2
Davis Riley,10058,1,17,3,2,Birdie,-1,69,-2
Davis Riley,10058,1,18,5,7,Double Bogey,+2,69,-2
Adam Schenk,10372,1,10,4,6,Double Bogey,+2,10,+2
Adam Schenk,10372,1,11,4,4,Par,E,10,+2
Eric Cole,10522,1,1,4,4,Par,E,10,+2
Eric Cole,10522,1,2,4,6,Double Bogey,+2,10,+2
Matt Wallace,10548,1,1,4,4,Par,E,65,-1
Matt Wallace,10548,1,2,4,4,Par,E,65,-1
Matt Wallace,10548,1,3,3,3,Par,E,65,-1
Matt Wallace,10548,1,4,4,3,Birdie,-1,65,-1
Matt Wallace,10548,1,5,4,4,Par,E,65,-1
Matt Wallace,10548,1,6,4,4,Par,E,65,-1
Matt Wallace,10548,1,7,5,5,Par,E,65,-1
Matt Wallace,10548,1,8,3,3,Par,E,65,-1
Matt Wallace,10548,1,9,5,5,Par,E,65,-1
Matt Wallace,10548,1,10,4,4,Par,E,65,-1
Matt Wallace,10548,1,11,4,5,Bogey,+1,65,-1
Matt Wallace,10548,1,12,4,4,Par,E,65,-1
Matt Wallace,10548,1,13,4,5,Bogey,+1,65,-1
Matt Wallace,10548,1,14,4,3,Birdie,-1,65,-1
Matt Wallace,10548,1,15,3,2,Birdie,-1,65,-1
Matt Wallace,10548,1,16,4,4,Par,E,65,-1
Matt Wallace,10548,1,17,3,3,Par,E,65,-1
Aaron Wise,10577,1,1,4,5,Bogey,+1,73,+2
Aaron Wise,10577,1,2,4,6,Double Bogey,+2,73,+2
Aaron Wise,10577,1,3,3,3,Par,E,73,+2
Aaron Wise,10577,1,4,4,4,Par,E,73,+2
Aaron Wise,10577,1,5,4,4,Par,E,73,+2
Aaron Wise,10577,1,6,4,4,Par,E,73,+2
Aaron Wise,10577,1,7,5,5,Par,E,73,+2
Aaron Wise,10577,1,8,3,2,Birdie,-1,73,+2
Aaron Wise,10577,1,9,5,5,Par,E,73,+2
Aaron Wise,10577,1,10,4,3,Birdie,-1,73,+2
Aaron Wise,10577,1,11,4,4,Par,E,73,+2
Aaron Wise,10577,1,12,4,4,Par,E,73,+2
Aaron Wise,10577,1,13,4,4,Par,E,73,+2
Aaron Wise,10577,1,14,4,4,Par,E,73,+2
Aaron Wise,10577,1,15,3,3,Par,E,73,+2
Aaron Wise,10577,1,16,4,4,Par,E,73,+2
Aaron Wise,10577,1,17,3,2,Birdie,-1,73,+2
Aaron Wise,10577,1,18,5,7,Double Bogey,+2,73,+2
Matthieu Pavon,10596,1,10,4,4,Par,E,15,-1
Matthieu Pavon,10596,1,11,4,4,Par,E,15,-1
Matthieu Pavon,10596,1,12,4,4,Par,E,15,-1
Matthieu Pavon,10596,1,13,4,3,Birdie,-1,15,-1
Taylor Moore,10664,1,1,4,4,Par,E,18,-1
Taylor Moore,10664,1,2,4,4,Par,E,18,-1
Taylor Moore,10664,1,3,3,2,Birdie,-1,18,-1
Taylor Moore,10664,1,4,4,4,Par,E,18,-1
Taylor Moore,10664,1,5,4,4,Par,E,18,-1
Kevin Streelman,1077,1,10,4,5,Bogey,+1,8,E
Kevin Streelman,1077,1,11,4,3,Birdie,-1,8,E
Cam Davis,10863,1,10,4,4,Par,E,8,E
Cam Davis,10863,1,11,4,4,Par,E,8,E
Jimmy Stanger,10990,1,10,4,4,Par,E,60,+2
Jimmy Stanger,10990,1,11,4,5,Bogey,+1,60,+2
Jimmy Stanger,10990,1,12,4,5,Bogey,+1,60,+2
Jimmy Stanger,10990,1,13,4,4,Par,E,60,+2
Jimmy Stanger,10990,1,14,4,4,Par,E,60,+2
Jimmy Stanger,10990,1,15,3,2,Birdie,-1,60,+2
Jimmy Stanger,10990,1,16,4,4,Par,E,60,+2
Jimmy Stanger,10990,1,17,3,3,Par,E,60,+2
Jimmy Stanger,10990,1,18,5,5,Par,E,60,+2
Jimmy Stanger,10990,1,1,4,5,Bogey,+1,60,+2
Jimmy Stanger,10990,1,2,4,5,Bogey,+1,60,+2
Jimmy Stanger,10990,1,3,3,3,Par,E,60,+2
Jimmy Stanger,10990,1,4,4,4,Par,E,60,+2
Jimmy Stanger,10990,1,5,4,4,Par,E,60,+2
Jimmy Stanger,10990,1,6,4,3,Birdie,-1,60,+2
Austin Smotherman,11056,1,10,4,3,Birdie,-1,3,-1
Max Greyserman,11101,1,10,4,4,Par,E,70,-1
Max Greyserman,11101,1,11,4,4,Par,E,70,-1
Max Greyserman,11101,1,12,4,4,Par,E,70,-1
Max Greyserman,11101,1,13,4,4,Par,E,70,-1
Max Greyserman,11101,1,14,4,3,Birdie,-1,70,-1
Max Greyserman,11101,1,15,3,3,Par,E,70,-1
Max Greyserman,11101,1,16,4,5,Bogey,+1,70,-1
Max Greyserman,11101,1,17,3,3,Par,E,70,-1
Max Greyserman,11101,1,18,5,5,Par,E,70,-1
Max Greyserman,11101,1,1,4,4,Par,E,70,-1
Max Greyserman,11101,1,2,4,3,Birdie,-1,70,-1
Max Greyserman,11101,1,3,3,3,Par,E,70,-1
Max Greyserman,11101,1,4,4,4,Par,E,70,-1
Max Greyserman,11101,1,5,4,6,Double Bogey,+2,70,-1
Max Greyserman,11101,1,6,4,4,Par,E,70,-1
Max Greyserman,11101,1,7,5,4,Birdie,-1,70,-1
Max Greyserman,11101,1,8,3,3,Par,E,70,-1
Max Greyserman,11101,1,9,5,4,Birdie,-1,70,-1
Trace Crowe,11183,1,10,4,5,Bogey,+1,61,-2
Trace Crowe,11183,1,11,4,4,Par,E,61,-2
Trace Crowe,11183,1,12,4,3,Birdie,-1,61,-2
Trace Crowe,11183,1,13,4,4,Par,E,61,-2
Trace Crowe,11183,1,14,4,4,Par,E,61,-2
Trace Crowe,11183,1,15,3,3,Par,E,61,-2
Trace Crowe,11183,1,16,4,5,Bogey,+1,61,-2
Trace Crowe,11183,1,17,3,2,Birdie,-1,61,-2
Trace Crowe,11183,1,18,5,4,Birdie,-1,61,-2
Trace Crowe,11183,1,1,4,4,Par,E,61,-2
Trace Crowe,11183,1,2,4,3,Birdie,-1,61,-2
Trace Crowe,11183,1,3,3,3,Par,E,61,-2
Trace Crowe,11183,1,4,4,4,Par,E,61,-2
Trace Crowe,11183,1,5,4,3,Birdie,-1,61,-2
Trace Crowe,11183,1,6,4,4,Par,E,61,-2
Trace Crowe,11183,1,7,5,6,Bogey,+1,61,-2
Rasmus Højgaard,11253,1,10,4,3,Birdie,-1,72,+1
Rasmus Højgaard,11253,1,11,4,6,Double Bogey,+2,72,+1
Rasmus Højgaard,11253,1,12,4,4,Par,E,72,+1
Rasmus Højgaard,11253,1,13,4,4,Par,E,72,+1
Rasmus Højgaard,11253,1,14,4,3,Birdie,-1,72,+1
Rasmus Højgaard,11253,1,15,3,3,Par,E,72,+1
Rasmus Højgaard,11253,1,16,4,4,Par,E,72,+1
Rasmus Højgaard,11253,1,17,3,3,Par,E,72,+1
Rasmus Højgaard,11253,1,18,5,5,Par,E,72,+1
Rasmus Højgaard,11253,1,1,4,4,Par,E,72,+1
Rasmus Højgaard,11253,1,2,4,4,Par,E,72,+1
Rasmus Højgaard,11253,1,3,3,4,Bogey,+1,72,+1
Rasmus Højgaard,11253,1,4,4,7,Triple Bogey,+3,72,+1
Rasmus Højgaard,11253,1,5,4,3,Birdie,-1,72,+1
Rasmus Højgaard,11253,1,6,4,3,Birdie,-1,72,+1
Rasmus Højgaard,11253,1,7,5,5,Par,E,72,+1
Rasmus Højgaard,11253,1,8,3,3,Par,E,72,+1
Rasmus Højgaard,11253,1,9,5,4,Birdie,-1,72,+1
Max McGreevy,11383,1,10,4,3,Birdie,-1,65,-6
Max McGreevy,11383,1,11,4,4,Par,E,65,-6
Max McGreevy,11383,1,12,4,3,Birdie,-1,65,-6
Max McGreevy,11383,1,13,4,4,Par,E,65,-6
Max McGreevy,11383,1,14,4,3,Birdie,-1,65,-6
Max McGreevy,11383,1,15,3,3,Par,E,65,-6
Max McGreevy,11383,1,16,4,4,Par,E,65,-6
Max McGreevy,11383,1,17,3,2,Birdie,-1,65,-6
Max McGreevy,11383,1,18,5,5,Par,E,65,-6
Max McGreevy,11383,1,1,4,5,Bogey,+1,65,-6
Max McGreevy,11383,1,2,4,3,Birdie,-1,65,-6
Max McGreevy,11383,1,3,3,4,Bogey,+1,65,-6
Max McGreevy,11383,1,4,4,4,Par,E,65,-6
Max McGreevy,11383,1,5,4,3,Birdie,-1,65,-6
Max McGreevy,11383,1,6,4,4,Par,E,65,-6
Max McGreevy,11383,1,7,5,4,Birdie,-1,65,-6
Max McGreevy,11383,1,8,3,2,Birdie,-1,65,-6
Max McGreevy,11383,1,9,5,5,Par,E,65,-6
Rico Hoey,11385,1,1,4,5,Bogey,+1,60,-6
Rico Hoey,11385,1,2,4,4,Par,E,60,-6
Rico Hoey,11385,1,3,3,3,Par,E,60,-6
Rico Hoey,11385,1,4,4,5,Bogey,+1,60,-6
Rico Hoey,11385,1,5,4,4,Par,E,60,-6
Rico Hoey,11385,1,6,4,4,Par,E,60,-6
Rico Hoey,11385,1,7,5,4,Birdie,-1,60,-6
Rico Hoey,11385,1,8,3,2,Birdie,-1,60,-6
Rico Hoey,11385,1,9,5,3,Eagle,-2,60,-6
Rico Hoey,11385,1,10,4,3,Birdie,-1,60,-6
Rico Hoey,11385,1,11,4,4,Par,E,60,-6
Rico Hoey,11385,1,12,4,4,Par,E,60,-6
Rico Hoey,11385,1,13,4,4,Par,E,60,-6
Rico Hoey,11385,1,14,4,3,Birdie,-1,60,-6
Rico Hoey,11385,1,15,3,3,Par,E,60,-6
Rico Hoey,11385,1,16,4,3,Birdie,-1,60,-6
Rico Hoey,11385,1,17,3,2,Birdie,-1,60,-6
Hank Lebioda,11387,1,1,4,4,Par,E,18,-1
Hank Lebioda,11387,1,2,4,4,Par,E,18,-1
Hank Lebioda,11387,1,3,3,2,Birdie,-1,18,-1
Hank Lebioda,11387,1,4,4,4,Par,E,18,-1
Hank Lebioda,11387,1,5,4,4,Par,E,18,-1
Garrick Higgo,11393,1,1,4,5,Bogey,+1,64,-7
Garrick Higgo,11393,1,2,4,3,Birdie,-1,64,-7
Garrick Higgo,11393,1,3,3,3,Par,E,64,-7
Garrick Higgo,11393,1,4,4,4,Par,E,64,-7
Garrick Higgo,11393,1,5,4,3,Birdie,-1,64,-7
Garrick Higgo,11393,1,6,4,4,Par,E,64,-7
Garrick Higgo,11393,1,7,5,6,Bogey,+1,64,-7
Garrick Higgo,11393,1,8,3,3,Par,E,64,-7
Garrick Higgo,11393,1,9,5,5,Par,E,64,-7
Garrick Higgo,11393,1,10,4,3,Birdie,-1,64,-7
Garrick Higgo,11393,1,11,4,4,Par,E,64,-7
Garrick Higgo,11393,1,12,4,4,Par,E,64,-7
Garrick Higgo,11393,1,13,4,3,Birdie,-1,64,-7
Garrick Higgo,11393,1,14,4,2,Eagle,-2,64,-7
Garrick Higgo,11393,1,15,3,3,Par,E,64,-7
Garrick Higgo,11393,1,16,4,3,Birdie,-1,64,-7
Garrick Higgo,11393,1,17,3,2,Birdie,-1,64,-7
Garrick Higgo,11393,1,18,5,4,Birdie,-1,64,-7
Doug Ghim,11456,1,1,4,4,Par,E,65,-6
Doug Ghim,11456,1,2,4,4,Par,E,65,-6
Doug Ghim,11456,1,3,3,3,Par,E,65,-6
Doug Ghim,11456,1,4,4,4,Par,E,65,-6
Doug Ghim,11456,1,5,4,4,Par,E,65,-6
Doug Ghim,11456,1,6,4,4,Par,E,65,-6
Doug Ghim,11456,1,7,5,5,Par,E,65,-6
Doug Ghim,11456,1,8,3,3,Par,E,65,-6
Doug Ghim,11456,1,9,5,4,Birdie,-1,65,-6
Doug Ghim,11456,1,10,4,3,Birdie,-1,65,-6
Doug Ghim,11456,1,11,4,4,Par,E,65,-6
Doug Ghim,11456,1,12,4,4,Par,E,65,-6
Doug Ghim,11456,1,13,4,4,Par,E,65,-6
Doug Ghim,11456,1,14,4,3,Birdie,-1,65,-6
Doug Ghim,11456,1,15,3,3,Par,E,65,-6
Doug Ghim,11456,1,16,4,3,Birdie,-1,65,-6
Doug Ghim,11456,1,17,3,2,Birdie,-1,65,-6
Doug Ghim,11456,1,18,5,4,Birdie,-1,65,-6
Billy Horschel,1651,1,10,4,4,Par,E,9,+1
Billy Horschel,1651,1,11,4,5,Bogey,+1,9,+1
Tony Finau,2230,1,1,4,4,Par,E,10,+2
Tony Finau,2230,1,2,4,6,Double Bogey,+2,10,+2
Brice Garnett,2283,1,10,4,4,Par,E,4,E
David Skinns,3257,1,1,4,4,Par,E,68,-3
David Skinns,3257,1,2,4,3,Birdie,-1,68,-3
David Skinns,3257,1,3,3,3,Par,E,68,-3
David Skinns,3257,1,4,4,4,Par,E,68,-3
David Skinns,3257,1,5,4,2,Eagle,-2,68,-3
David Skinns,3257,1,6,4,4,Par,E,68,-3
David Skinns,3257,1,7,5,5,Par,E,68,-3
David Skinns,3257,1,8,3,3,Par,E,68,-3
David Skinns,3257,1,9,5,5,Par,E,68,-3
David Skinns,3257,1,10,4,4,Par,E,68,-3
David Skinns,3257,1,11,4,4,Par,E,68,-3
David Skinns,3257,1,12,4,3,Birdie,-1,68,-3
David Skinns,3257,1,13,4,4,Par,E,68,-3
David Skinns,3257,1,14,4,5,Bogey,+1,68,-3
David Skinns,3257,1,15,3,2,Birdie,-1,68,-3
David Skinns,3257,1,16,4,4,Par,E,68,-3
David Skinns,3257,1,17,3,3,Par,E,68,-3
David Skinns,3257,1,18,5,6,Bogey,+1,68,-3
Chris Kirk,3449,1,10,4,4,Par,E,8,E
Chris Kirk,3449,1,11,4,4,Par,E,8,E
Brendon Todd,3454,1,10,4,3,Birdie,-1,18,-2
Brendon Todd,3454,1,11,4,4,Par,E,18,-2
Brendon Todd,3454,1,12,4,3,Birdie,-1,18,-2
Brendon Todd,3454,1,13,4,4,Par,E,18,-2
Brendon Todd,3454,1,14,4,4,Par,E,18,-2
Rafael Campos,3683,1,1,4,4,Par,E,68,-3
Rafael Campos,3683,1,2,4,5,Bogey,+1,68,-3
Rafael Campos,3683,1,3,3,2,Birdie,-1,68,-3
Rafael Campos,3683,1,4,4,4,Par,E,68,-3
Rafael Campos,3683,1,5,4,4,Par,E,68,-3
Rafael Campos,3683,1,6,4,3,Birdie,-1,68,-3
Rafael Campos,3683,1,7,5,4,Birdie,-1,68,-3
Rafael Campos,3683,1,8,3,2,Birdie,-1,68,-3
Rafael Campos,3683,1,9,5,5,Par,E,68,-3
Rafael Campos,3683,1,10,4,4,Par,E,68,-3
Rafael Campos,3683,1,11,4,4,Par,E,68,-3
Rafael Campos,3683,1,12,4,4,Par,E,68,-3
Rafael Campos,3683,1,13,4,4,Par,E,68,-3
Rafael Campos,3683,1,14,4,3,Birdie,-1,68,-3
Rafael Campos,3683,1,15,3,4,Bogey,+1,68,-3
Rafael Campos,3683,1,16,4,5,Bogey,+1,68,-3
Rafael Campos,3683,1,17,3,3,Par,E,68,-3
Rafael Campos,3683,1,18,5,4,Birdie,-1,68,-3
Michael Thompson,3688,1,1,4,4,Par,E,67,+1
Michael Thompson,3688,1,2,4,4,Par,E,67,+1
Michael Thompson,3688,1,3,3,3,Par,E,67,+1
Michael Thompson,3688,1,4,4,4,Par,E,67,+1
Michael Thompson,3688,1,5,4,4,Par,E,67,+1
Michael Thompson,3688,1,6,4,4,Par,E,67,+1
Michael Thompson,3688,1,7,5,5,Par,E,67,+1
Michael Thompson,3688,1,8,3,3,Par,E,67,+1
Michael Thompson,3688,1,9,5,5,Par,E,67,+1
Michael Thompson,3688,1,10,4,4,Par,E,67,+1
Michael Thompson,3688,1,11,4,6,Double Bogey,+2,67,+1
Michael Thompson,3688,1,12,4,4,Par,E,67,+1
Michael Thompson,3688,1,13,4,4,Par,E,67,+1
Michael Thompson,3688,1,14,4,3,Birdie,-1,67,+1
Michael Thompson,3688,1,15,3,3,Par,E,67,+1
Michael Thompson,3688,1,16,4,4,Par,E,67,+1
Michael Thompson,3688,1,17,3,3,Par,E,67,+1
Nick Taylor,3792,1,1,4,5,Bogey,+1,12,+1
Nick Taylor,3792,1,2,4,4,Par,E,12,+1
Nick Taylor,3792,1,3,3,3,Par,E,12,+1
Patton Kizzire,3980,1,10,4,4,Par,E,68,-3
Patton Kizzire,3980,1,11,4,3,Birdie,-1,68,-3
Patton Kizzire,3980,1,12,4,4,Par,E,68,-3
Patton Kizzire,3980,1,13,4,5,Bogey,+1,68,-3
Patton Kizzire,3980,1,14,4,5,Bogey,+1,68,-3
Patton Kizzire,3980,1,15,3,2,Birdie,-1,68,-3
Patton Kizzire,3980,1,16,4,3,Birdie,-1,68,-3
Patton Kizzire,3980,1,17,3,2,Birdie,-1,68,-3
Patton Kizzire,3980,1,18,5,4,Birdie,-1,68,-3
Patton Kizzire,3980,1,1,4,5,Bogey,+1,68,-3
Patton Kizzire,3980,1,2,4,4,Par,E,68,-3
Patton Kizzire,3980,1,3,3,3,Par,E,68,-3
Patton Kizzire,3980,1,4,4,4,Par,E,68,-3
Patton Kizzire,3980,1,5,4,4,Par,E,68,-3
Patton Kizzire,3980,1,6,4,3,Birdie,-1,68,-3
Patton Kizzire,3980,1,7,5,5,Par,E,68,-3
Patton Kizzire,3980,1,8,3,3,Par,E,68,-3
Patton Kizzire,3980,1,9,5,5,Par,E,68,-3
Kevin Yu,4349547,1,1,4,3,Birdie,-1,66,-5
Kevin Yu,4349547,1,2,4,4,Par,E,66,-5
Kevin Yu,4349547,1,3,3,3,Par,E,66,-5
Kevin Yu,4349547,1,4,4,4,Par,E,66,-5
Kevin Yu,4349547,1,5,4,3,Birdie,-1,66,-5
Kevin Yu,4349547,1,6,4,4,Par,E,66,-5
Kevin Yu,4349547,1,7,5,4,Birdie,-1,66,-5
Kevin Yu,4349547,1,8,3,3,Par,E,66,-5
Kevin Yu,4349547,1,9,5,5,Par,E,66,-5
Kevin Yu,4349547,1,10,4,3,Birdie,-1,66,-5
Kevin Yu,4349547,1,11,4,4,Par,E,66,-5
Kevin Yu,4349547,1,12,4,3,Birdie,-1,66,-5
Kevin Yu,4349547,1,13,4,4,Par,E,66,-5
Kevin Yu,4349547,1,14,4,3,Birdie,-1,66,-5
Kevin Yu,4349547,1,15,3,4,Bogey,+1,66,-5
Kevin Yu,4349547,1,16,4,4,Par,E,66,-5
Kevin Yu,4349547,1,17,3,3,Par,E,66,-5
Kevin Yu,4349547,1,18,5,5,Par,E,66,-5
Alejandro Tosti,4358081,1,10,4,4,Par,E,54,-4
Alejandro Tosti,4358081,1,11,4,4,Par,E,54,-4
Alejandro Tosti,4358081,1,12,4,3,Birdie,-1,54,-4
Alejandro Tosti,4358081,1,13,4,4,Par,E,54,-4
Alejandro Tosti,4358081,1,14,4,3,Birdie,-1,54,-4
Alejandro Tosti,4358081,1,15,3,2,Birdie,-1,54,-4
Alejandro Tosti,4358081,1,16,4,5,Bogey,+1,54,-4
Alejandro Tosti,4358081,1,17,3,2,Birdie,-1,54,-4
Alejandro Tosti,4358081,1,18,5,3,Eagle,-2,54,-4
Alejandro Tosti,4358081,1,1,4,5,Bogey,+1,54,-4
Alejandro Tosti,4358081,1,2,4,4,Par,E,54,-4
Alejandro Tosti,4358081,1,3,3,3,Par,E,54,-4
Alejandro Tosti,4358081,1,4,4,4,Par,E,54,-4
Alejandro Tosti,4358081,1,5,4,4,Par,E,54,-4
Alejandro Tosti,4358081,1,6,4,4,Par,E,54,-4
Patrick Fishburn,4358083,1,10,4,4,Par,E,62,-4
Patrick Fishburn,4358083,1,11,4,5,Bogey,+1,62,-4
Patrick Fishburn,4358083,1,12,4,4,Par,E,62,-4
Patrick Fishburn,4358083,1,13,4,3,Birdie,-1,62,-4
Patrick Fishburn,4358083,1,14,4,3,Birdie,-1,62,-4
Patrick Fishburn,4358083,1,15,3,2,Birdie,-1,62,-4
Patrick Fishburn,4358083,1,16,4,4,Par,E,62,-4
Patrick Fishburn,4358083,1,17,3,3,Par,E,62,-4
Patrick Fishburn,4358083,1,18,5,4,Birdie,-1,62,-4
Patrick Fishburn,4358083,1,1,4,3,Birdie,-1,62,-4
Patrick Fishburn,4358083,1,2,4,4,Par,E,62,-4
Patrick Fishburn,4358083,1,3,3,3,Par,E,62,-4
Patrick Fishburn,4358083,1,4,4,3,Birdie,-1,62,-4
Patrick Fishburn,4358083,1,5,4,6,Double Bogey,+2,62,-4
Patrick Fishburn,4358083,1,6,4,4,Par,E,62,-4
Patrick Fishburn,4358083,1,7,5,4,Birdie,-1,62,-4
Patrick Fishburn,4358083,1,8,3,3,Par,E,62,-4
John VanDerLaan,4361934,1,1,4,3,Birdie,-1,52,-7
John VanDerLaan,4361934,1,2,4,4,Par,E,52,-7
John VanDerLaan,4361934,1,3,3,2,Birdie,-1,52,-7
John VanDerLaan,4361934,1,4,4,4,Par,E,52,-7
John VanDerLaan,4361934,1,5,4,3,Birdie,-1,52,-7
John VanDerLaan,4361934,1,6,4,5,Bogey,+1,52,-7
John VanDerLaan,4361934,1,7,5,3,Eagle,-2,52,-7
John VanDerLaan,4361934,1,8,3,2,Birdie,-1,52,-7
John VanDerLaan,4361934,1,9,5,5,Par,E,52,-7
John VanDerLaan,4361934,1,10,4,3,Birdie,-1,52,-7
John VanDerLaan,4361934,1,11,4,4,Par,E,52,-7
John VanDerLaan,4361934,1,12,4,4,Par,E,52,-7
John VanDerLaan,4361934,1,13,4,4,Par,E,52,-7
John VanDerLaan,4361934,1,14,4,3,Birdie,-1,52,-7
John VanDerLaan,4361934,1,15,3,3,Par,E,52,-7
Pontus Nyholm,4375977,1,1,4,5,Bogey,+1,57,-2
Pontus Nyholm,4375977,1,2,4,3,Birdie,-1,57,-2
Pontus Nyholm,4375977,1,3,3,2,Birdie,-1,57,-2
Pontus Nyholm,4375977,1,4,4,4,Par,E,57,-2
Pontus Nyholm,4375977,1,5,4,3,Birdie,-1,57,-2
Pontus Nyholm,4375977,1,6,4,4,Par,E,57,-2
Pontus Nyholm,4375977,1,7,5,4,Birdie,-1,57,-2
Pontus Nyholm,4375977,1,8,3,3,Par,E,57,-2
Pontus Nyholm,4375977,1,9,5,4,Birdie,-1,57,-2
Pontus Nyholm,4375977,1,10,4,3,Birdie,-1,57,-2
Pontus Nyholm,4375977,1,11,4,6,Double Bogey,+2,57,-2
Pontus Nyholm,4375977,1,12,4,5,Bogey,+1,57,-2
Pontus Nyholm,4375977,1,13,4,4,Par,E,57,-2
Pontus Nyholm,4375977,1,14,4,4,Par,E,57,-2
Pontus Nyholm,4375977,1,15,3,3,Par,E,57,-2
Lee Hodges,4404991,1,10,4,4,Par,E,4,E
Vince Whaley,4408315,1,1,4,4,Par,E,75,+4
Vince Whaley,4408315,1,2,4,3,Birdie,-1,75,+4
Vince Whaley,4408315,1,3,3,3,Par,E,75,+4
Vince Whaley,4408315,1,4,4,5,Bogey,+1,75,+4
Vince Whaley,4408315,1,5,4,4,Par,E,75,+4
Vince Whaley,4408315,1,6,4,5,Bogey,+1,75,+4
Vince Whaley,4408315,1,7,5,5,Par,E,75,+4
Vince Whaley,4408315,1,8,3,3,Par,E,75,+4
Vince Whaley,4408315,1,9,5,5,Par,E,75,+4
Vince Whaley,4408315,1,10,4,4,Par,E,75,+4
Vince Whaley,4408315,1,11,4,5,Bogey,+1,75,+4
Vince Whaley,4408315,1,12,4,4,Par,E,75,+4
Vince Whaley,4408315,1,13,4,4,Par,E,75,+4
Vince Whaley,4408315,1,14,4,3,Birdie,-1,75,+4
Vince Whaley,4408315,1,15,3,3,Par,E,75,+4
Vince Whaley,4408315,1,16,4,5,Bogey,+1,75,+4
Vince Whaley,4408315,1,17,3,3,Par,E,75,+4
Vince Whaley,4408315,1,18,5,7,Double Bogey,+2,75,+4
Jeffrey Kang,4408318,1,1,4,5,Bogey,+1,65,-1
Jeffrey Kang,4408318,1,2,4,4,Par,E,65,-1
Jeffrey Kang,4408318,1,3,3,4,Bogey,+1,65,-1
Jeffrey Kang,4408318,1,4,4,4,Par,E,65,-1
Jeffrey Kang,4408318,1,5,4,4,Par,E,65,-1
Jeffrey Kang,4408318,1,6,4,4,Par,E,65,-1
Jeffrey Kang,4408318,1,7,5,4,Birdie,-1,65,-1
Jeffrey Kang,4408318,1,8,3,4,Bogey,+1,65,-1
Jeffrey Kang,4408318,1,9,5,5,Par,E,65,-1
Jeffrey Kang,4408318,1,10,4,4,Par,E,65,-1
Jeffrey Kang,4408318,1,11,4,3,Birdie,-1,65,-1
Jeffrey Kang,4408318,1,12,4,4,Par,E,65,-1
Jeffrey Kang,4408318,1,13,4,3,Birdie,-1,65,-1
Jeffrey Kang,4408318,1,14,4,3,Birdie,-1,65,-1
Jeffrey Kang,4408318,1,15,3,3,Par,E,65,-1
Jeffrey Kang,4408318,1,16,4,4,Par,E,65,-1
Jeffrey Kang,4408318,1,17,3,3,Par,E,65,-1
Danny Walker,4408319,1,1,4,4,Par,E,15,E
Danny Walker,4408319,1,2,4,5,Bogey,+1,15,E
Danny Walker,4408319,1,3,3,2,Birdie,-1,15,E
Danny Walker,4408319,1,4,4,4,Par,E,15,E
Kevin Roy,4408320,1,1,4,4,Par,E,15,E
Kevin Roy,4408320,1,2,4,4,Par,E,15,E
Kevin Roy,4408320,1,3,3,3,Par,E,15,E
Kevin Roy,4408320,1,4,4,4,Par,E,15,E
Takumi Kanaya,4410612,1,1,4,4,Par,E,4,E
Dylan Wu,4423323,1,10,4,4,Par,E,69,-2
Dylan Wu,4423323,1,11,4,4,Par,E,69,-2
Dylan Wu,4423323,1,12,4,4,Par,E,69,-2
Dylan Wu,4423323,1,13,4,4,Par,E,69,-2
Dylan Wu,4423323,1,14,4,3,Birdie,-1,69,-2
Dylan Wu,4423323,1,15,3,4,Bogey,+1,69,-2
Dylan Wu,4423323,1,16,4,4,Par,E,69,-2
Dylan Wu,4423323,1,17,3,3,Par,E,69,-2
Dylan Wu,4423323,1,18,5,4,Birdie,-1,69,-2
Dylan Wu,4423323,1,1,4,4,Par,E,69,-2
Dylan Wu,4423323,1,2,4,4,Par,E,69,-2
Dylan Wu,4423323,1,3,3,2,Birdie,-1,69,-2
Dylan Wu,4423323,1,4,4,4,Par,E,69,-2
Dylan Wu,4423323,1,5,4,4,Par,E,69,-2
Dylan Wu,4423323,1,6,4,4,Par,E,69,-2
Dylan Wu,4423323,1,7,5,5,Par,E,69,-2
Dylan Wu,4423323,1,8,3,2,Birdie,-1,69,-2
Dylan Wu,4423323,1,9,5,6,Bogey,+1,69,-2
Steven Fisk,4426182,1,1,4,3,Birdie,-1,58,-8
Steven Fisk,4426182,1,2,4,4,Par,E,58,-8
Steven Fisk,4426182,1,3,3,2,Birdie,-1,58,-8
Steven Fisk,4426182,1,4,4,4,Par,E,58,-8
Steven Fisk,4426182,1,5,4,4,Par,E,58,-8
Steven Fisk,4426182,1,6,4,4,Par,E,58,-8
Steven Fisk,4426182,1,7,5,5,Par,E,58,-8
Steven Fisk,4426182,1,8,3,3,Par,E,58,-8
Steven Fisk,4426182,1,9,5,3,Eagle,-2,58,-8
Steven Fisk,4426182,1,10,4,3,Birdie,-1,58,-8
Steven Fisk,4426182,1,11,4,4,Par,E,58,-8
Steven Fisk,4426182,1,12,4,3,Birdie,-1,58,-8
Steven Fisk,4426182,1,13,4,3,Birdie,-1,58,-8
Steven Fisk,4426182,1,14,4,4,Par,E,58,-8
Steven Fisk,4426182,1,15,3,3,Par,E,58,-8
Steven Fisk,4426182,1,16,4,4,Par,E,58,-8
Steven Fisk,4426182,1,17,3,2,Birdie,-1,58,-8
Will Gordon,4565482,1,10,4,4,Par,E,70,-1
Will Gordon,4565482,1,11,4,4,Par,E,70,-1
Will Gordon,4565482,1,12,4,4,Par,E,70,-1
Will Gordon,4565482,1,13,4,4,Par,E,70,-1
Will Gordon,4565482,1,14,4,3,Birdie,-1,70,-1
Will Gordon,4565482,1,15,3,3,Par,E,70,-1
Will Gordon,4565482,1,16,4,5,Bogey,+1,70,-1
Will Gordon,4565482,1,17,3,3,Par,E,70,-1
Will Gordon,4565482,1,18,5,4,Birdie,-1,70,-1
Will Gordon,4565482,1,1,4,4,Par,E,70,-1
Will Gordon,4565482,1,2,4,5,Bogey,+1,70,-1
Will Gordon,4565482,1,3,3,2,Birdie,-1,70,-1
Will Gordon,4565482,1,4,4,4,Par,E,70,-1
Will Gordon,4565482,1,5,4,5,Bogey,+1,70,-1
Will Gordon,4565482,1,6,4,4,Par,E,70,-1
Will Gordon,4565482,1,7,5,4,Birdie,-1,70,-1
Will Gordon,4565482,1,8,3,3,Par,E,70,-1
Will Gordon,4565482,1,9,5,5,Par,E,70,-1
Chandler Phillips,4587989,1,10,4,4,Par,E,66,E
Chandler Phillips,4587989,1,11,4,4,Par,E,66,E
Chandler Phillips,4587989,1,12,4,4,Par,E,66,E
Chandler Phillips,4587989,1,13,4,5,Bogey,+1,66,E
Chandler Phillips,4587989,1,14,4,3,Birdie,-1,66,E
Chandler Phillips,4587989,1,15,3,4,Bogey,+1,66,E
Chandler Phillips,4587989,1,16,4,4,Par,E,66,E
Chandler Phillips,4587989,1,17,3,2,Birdie,-1,66,E
Chandler Phillips,4587989,1,18,5,7,Double Bogey,+2,66,E
Chandler Phillips,4587989,1,1,4,5,Bogey,+1,66,E
Chandler Phillips,4587989,1,2,4,4,Par,E,66,E
Chandler Phillips,4587989,1,3,3,3,Par,E,66,E
Chandler Phillips,4587989,1,4,4,4,Par,E,66,E
Chandler Phillips,4587989,1,5,4,3,Birdie,-1,66,E
Chandler Phillips,4587989,1,6,4,4,Par,E,66,E
Chandler Phillips,4587989,1,7,5,3,Eagle,-2,66,E
Chandler Phillips,4587989,1,8,3,3,Par,E,66,E
Harry Hall,4589438,1,10,4,5,Bogey,+1,67,-4
Harry Hall,4589438,1,11,4,4,Par,E,67,-4
Harry Hall,4589438,1,12,4,3,Birdie,-1,67,-4
Harry Hall,4589438,1,13,4,4,Par,E,67,-4
Harry Hall,4589438,1,14,4,3,Birdie,-1,67,-4
Harry Hall,4589438,1,15,3,3,Par,E,67,-4
Harry Hall,4589438,1,16,4,5,Bogey,+1,67,-4
Harry Hall,4589438,1,17,3,3,Par,E,67,-4
Harry Hall,4589438,1,18,5,4,Birdie,-1,67,-4
Harry Hall,4589438,1,1,4,4,Par,E,67,-4
Harry Hall,4589438,1,2,4,3,Birdie,-1,67,-4
Harry Hall,4589438,1,3,3,3,Par,E,67,-4
Harry Hall,4589438,1,4,4,4,Par,E,67,-4
Harry Hall,4589438,1,5,4,4,Par,E,67,-4
Harry Hall,4589438,1,6,4,3,Birdie,-1,67,-4
Harry Hall,4589438,1,7,5,4,Birdie,-1,67,-4
Harry Hall,4589438,1,8,3,3,Par,E,67,-4
Harry Hall,4589438,1,9,5,5,Par,E,67,-4
Davis Thompson,4602218,1,1,4,4,Par,E,70,-1
Davis Thompson,4602218,1,2,4,4,Par,E,70,-1
Davis Thompson,4602218,1,3,3,2,Birdie,-1,70,-1
Davis Thompson,4602218,1,4,4,4,Par,E,70,-1
Davis Thompson,4602218,1,5,4,4,Par,E,70,-1
Davis Thompson,4602218,1,6,4,5,Bogey,+1,70,-1
Davis Thompson,4602218,1,7,5,4,Birdie,-1,70,-1
Davis Thompson,4602218,1,8,3,3,Par,E,70,-1
Davis Thompson,4602218,1,9,5,5,Par,E,70,-1
Davis Thompson,4602218,1,10,4,4,Par,E,70,-1
Davis Thompson,4602218,1,11,4,4,Par,E,70,-1
Davis Thompson,4602218,1,12,4,4,Par,E,70,-1
Davis Thompson,4602218,1,13,4,5,Bogey,+1,70,-1
Davis Thompson,4602218,1,14,4,3,Birdie,-1,70,-1
Davis Thompson,4602218,1,15,3,3,Par,E,70,-1
Davis Thompson,4602218,1,16,4,4,Par,E,70,-1
Davis Thompson,4602218,1,17,3,2,Birdie,-1,70,-1
Davis Thompson,4602218,1,18,5,6,Bogey,+1,70,-1
Ben Martin,4638,1,1,4,4,Par,E,16,+1
Ben Martin,4638,1,2,4,4,Par,E,16,+1
Ben Martin,4638,1,3,3,4,Bogey,+1,16,+1
Ben Martin,4638,1,4,4,4,Par,E,16,+1
John Parry,4671,1,10,4,4,Par,E,12,E
John Parry,4671,1,11,4,4,Par,E,12,E
John Parry,4671,1,12,4,4,Par,E,12,E
Jesper Svensson,4699329,1,10,4,3,Birdie,-1,56,-2
Jesper Svensson,4699329,1,11,4,7,Triple Bogey,+3,56,-2
Jesper Svensson,4699329,1,12,4,3,Birdie,-1,56,-2
Jesper Svensson,4699329,1,13,4,4,Par,E,56,-2
Jesper Svensson,4699329,1,14,4,3,Birdie,-1,56,-2
Jesper Svensson,4699329,1,15,3,2,Birdie,-1,56,-2
Jesper Svensson,4699329,1,16,4,4,Par,E,56,-2
Jesper Svensson,4699329,1,17,3,3,Par,E,56,-2
Jesper Svensson,4699329,1,18,5,3,Eagle,-2,56,-2
Jesper Svensson,4699329,1,1,4,5,Bogey,+1,56,-2
Jesper Svensson,4699329,1,2,4,4,Par,E,56,-2
Jesper Svensson,4699329,1,3,3,3,Par,E,56,-2
Jesper Svensson,4699329,1,4,4,4,Par,E,56,-2
Jesper Svensson,4699329,1,5,4,4,Par,E,56,-2
Jesper Svensson,4699329,1,6,4,4,Par,E,56,-2
Mac Meissner,4791222,1,10,4,4,Par,E,70,-1
Mac Meissner,4791222,1,11,4,4,Par,E,70,-1
Mac Meissner,4791222,1,12,4,4,Par,E,70,-1
Mac Meissner,4791222,1,13,4,6,Double Bogey,+2,70,-1
Mac Meissner,4791222,1,14,4,3,Birdie,-1,70,-1
Mac Meissner,4791222,1,15,3,3,Par,E,70,-1
Mac Meissner,4791222,1,16,4,5,Bogey,+1,70,-1
Mac Meissner,4791222,1,17,3,3,Par,E,70,-1
Mac Meissner,4791222,1,18,5,5,Par,E,70,-1
Mac Meissner,4791222,1,1,4,4,Par,E,70,-1
Mac Meissner,4791222,1,2,4,3,Birdie,-1,70,-1
Mac Meissner,4791222,1,3,3,3,Par,E,70,-1
Mac Meissner,4791222,1,4,4,4,Par,E,70,-1
Mac Meissner,4791222,1,5,4,4,Par,E,70,-1
Mac Meissner,4791222,1,6,4,4,Par,E,70,-1
Mac Meissner,4791222,1,7,5,4,Birdie,-1,70,-1
Mac Meissner,4791222,1,8,3,3,Par,E,70,-1
Mac Meissner,4791222,1,9,5,4,Birdie,-1,70,-1
Nick Dunlap,4832046,1,10,4,4,Par,E,4,E
Pierceson Coody,4837368,1,1,4,4,Par,E,4,E
Harry Higgs,4844,1,1,4,6,Double Bogey,+2,20,+1
Harry Higgs,4844,1,2,4,4,Par,E,20,+1
Harry Higgs,4844,1,3,3,3,Par,E,20,+1
Harry Higgs,4844,1,4,4,4,Par,E,20,+1
Harry Higgs,4844,1,5,4,3,Birdie,-1,20,+1
Rasmus Neergaard-Petersen,4858859,1,10,4,6,Double Bogey,+2,16,+4
Rasmus Neergaard-Petersen,4858859,1,11,4,4,Par,E,16,+4
Rasmus Neergaard-Petersen,4858859,1,12,4,6,Double Bogey,+2,16,+4
Joe Highsmith,4868733,1,1,4,4,Par,E,69,+3
Joe Highsmith,4868733,1,2,4,5,Bogey,+1,69,+3
Joe Highsmith,4868733,1,3,3,3,Par,E,69,+3
Joe Highsmith,4868733,1,4,4,4,Par,E,69,+3
Joe Highsmith,4868733,1,5,4,4,Par,E,69,+3
Joe Highsmith,4868733,1,6,4,3,Birdie,-1,69,+3
Joe Highsmith,4868733,1,7,5,4,Birdie,-1,69,+3
Joe Highsmith,4868733,1,8,3,3,Par,E,69,+3
Joe Highsmith,4868733,1,9,5,6,Bogey,+1,69,+3
Joe Highsmith,4868733,1,10,4,3,Birdie,-1,69,+3
Joe Highsmith,4868733,1,11,4,5,Bogey,+1,69,+3
Joe Highsmith,4868733,1,12,4,5,Bogey,+1,69,+3
Joe Highsmith,4868733,1,13,4,5,Bogey,+1,69,+3
Joe Highsmith,4868733,1,14,4,3,Birdie,-1,69,+3
Joe Highsmith,4868733,1,15,3,3,Par,E,69,+3
Joe Highsmith,4868733,1,16,4,6,Double Bogey,+2,69,+3
Joe Highsmith,4868733,1,17,3,3,Par,E,69,+3
Matt McCarty,4901368,1,10,4,3,Birdie,-1,66,-5
Matt McCarty,4901368,1,11,4,4,Par,E,66,-5
Matt McCarty,4901368,1,12,4,4,Par,E,66,-5
Matt McCarty,4901368,1,13,4,4,Par,E,66,-5
Matt McCarty,4901368,1,14,4,4,Par,E,66,-5
Matt McCarty,4901368,1,15,3,3,Par,E,66,-5
Matt McCarty,4901368,1,16,4,4,Par,E,66,-5
Matt McCarty,4901368,1,17,3,3,Par,E,66,-5
Matt McCarty,4901368,1,18,5,5,Par,E,66,-5
Matt McCarty,4901368,1,1,4,3,Birdie,-1,66,-5
Matt McCarty,4901368,1,2,4,5,Bogey,+1,66,-5
Matt McCarty,4901368,1,3,3,2,Birdie,-1,66,-5
Matt McCarty,4901368,1,4,4,4,Par,E,66,-5
Matt McCarty,4901368,1,5,4,3,Birdie,-1,66,-5
Matt McCarty,4901368,1,6,4,3,Birdie,-1,66,-5
Matt McCarty,4901368,1,7,5,5,Par,E,66,-5
Matt McCarty,4901368,1,8,3,2,Birdie,-1,66,-5
Matt McCarty,4901368,1,9,5,5,Par,E,66,-5
Michael Brennan,4921329,1,10,4,4,Par,E,64,-7
Michael Brennan,4921329,1,11,4,4,Par,E,64,-7
Michael Brennan,4921329,1,12,4,3,Birdie,-1,64,-7
Michael Brennan,4921329,1,13,4,4,Par,E,64,-7
Michael Brennan,4921329,1,14,4,3,Birdie,-1,64,-7
Michael Brennan,4921329,1,15,3,3,Par,E,64,-7
Michael Brennan,4921329,1,16,4,3,Birdie,-1,64,-7
Michael Brennan,4921329,1,17,3,2,Birdie,-1,64,-7
Michael Brennan,4921329,1,18,5,4,Birdie,-1,64,-7
Michael Brennan,4921329,1,1,4,4,Par,E,64,-7
Michael Brennan,4921329,1,2,4,6,Double Bogey,+2,64,-7
Michael Brennan,4921329,1,3,3,3,Par,E,64,-7
Michael Brennan,4921329,1,4,4,4,Par,E,64,-7
Michael Brennan,4921329,1,5,4,3,Birdie,-1,64,-7
Michael Brennan,4921329,1,6,4,4,Par,E,64,-7
Michael Brennan,4921329,1,7,5,4,Birdie,-1,64,-7
Michael Brennan,4921329,1,8,3,2,Birdie,-1,64,-7
Michael Brennan,4921329,1,9,5,4,Birdie,-1,64,-7
Jackson Suber,4982182,1,10,4,4,Par,E,66,-5
Jackson Suber,4982182,1,11,4,4,Par,E,66,-5
Jackson Suber,4982182,1,12,4,3,Birdie,-1,66,-5
Jackson Suber,4982182,1,13,4,4,Par,E,66,-5
Jackson Suber,4982182,1,14,4,3,Birdie,-1,66,-5
Jackson Suber,4982182,1,15,3,2,Birdie,-1,66,-5
Jackson Suber,4982182,1,16,4,4,Par,E,66,-5
Jackson Suber,4982182,1,17,3,3,Par,E,66,-5
Jackson Suber,4982182,1,18,5,4,Birdie,-1,66,-5
Jackson Suber,4982182,1,1,4,3,Birdie,-1,66,-5
Jackson Suber,4982182,1,2,4,5,Bogey,+1,66,-5
Jackson Suber,4982182,1,3,3,3,Par,E,66,-5
Jackson Suber,4982182,1,4,4,4,Par,E,66,-5
Jackson Suber,4982182,1,5,4,4,Par,E,66,-5
Jackson Suber,4982182,1,6,4,4,Par,E,66,-5
Jackson Suber,4982182,1,7,5,5,Par,E,66,-5
Jackson Suber,4982182,1,8,3,2,Birdie,-1,66,-5
Jackson Suber,4982182,1,9,5,5,Par,E,66,-5
Kensei Hirata,5075548,1,10,4,4,Par,E,66,E
Kensei Hirata,5075548,1,11,4,6,Double Bogey,+2,66,E
Kensei Hirata,5075548,1,12,4,4,Par,E,66,E
Kensei Hirata,5075548,1,13,4,4,Par,E,66,E
Kensei Hirata,5075548,1,14,4,4,Par,E,66,E
Kensei Hirata,5075548,1,15,3,3,Par,E,66,E
Kensei Hirata,5075548,1,16,4,4,Par,E,66,E
Kensei Hirata,5075548,1,17,3,3,Par,E,66,E
Kensei Hirata,5075548,1,18,5,5,Par,E,66,E
Kensei Hirata,5075548,1,1,4,3,Birdie,-1,66,E
Kensei Hirata,5075548,1,2,4,4,Par,E,66,E
Kensei Hirata,5075548,1,3,3,4,Bogey,+1,66,E
Kensei Hirata,5075548,1,4,4,4,Par,E,66,E
Kensei Hirata,5075548,1,5,4,4,Par,E,66,E
Kensei Hirata,5075548,1,6,4,4,Par,E,66,E
Kensei Hirata,5075548,1,7,5,4,Birdie,-1,66,E
Kensei Hirata,5075548,1,8,3,2,Birdie,-1,66,E
Adrien Dumont de Chassart,5076011,1,1,4,3,Birdie,-1,63,E
Adrien Dumont de Chassart,5076011,1,2,4,4,Par,E,63,E
Adrien Dumont de Chassart,5076011,1,3,3,3,Par,E,63,E
Adrien Dumont de Chassart,5076011,1,4,4,4,Par,E,63,E
Adrien Dumont de Chassart,5076011,1,5,4,3,Birdie,-1,63,E
Adrien Dumont de Chassart,5076011,1,6,4,4,Par,E,63,E
Adrien Dumont de Chassart,5076011,1,7,5,4,Birdie,-1,63,E
Adrien Dumont de Chassart,5076011,1,8,3,3,Par,E,63,E
Adrien Dumont de Chassart,5076011,1,9,5,5,Par,E,63,E
Adrien Dumont de Chassart,5076011,1,10,4,4,Par,E,63,E
Adrien Dumont de Chassart,5076011,1,11,4,6,Double Bogey,+2,63,E
Adrien Dumont de Chassart,5076011,1,12,4,7,Triple Bogey,+3,63,E
Adrien Dumont de Chassart,5076011,1,13,4,4,Par,E,63,E
Adrien Dumont de Chassart,5076011,1,14,4,3,Birdie,-1,63,E
Adrien Dumont de Chassart,5076011,1,15,3,2,Birdie,-1,63,E
Adrien Dumont de Chassart,5076011,1,16,4,4,Par,E,63,E
William Mouw,5076025,1,1,4,6,Double Bogey,+2,63,-3
William Mouw,5076025,1,2,4,3,Birdie,-1,63,-3
William Mouw,5076025,1,3,3,3,Par,E,63,-3
William Mouw,5076025,1,4,4,4,Par,E,63,-3
William Mouw,5076025,1,5,4,3,Birdie,-1,63,-3
William Mouw,5076025,1,6,4,4,Par,E,63,-3
William Mouw,5076025,1,7,5,4,Birdie,-1,63,-3
William Mouw,5076025,1,8,3,3,Par,E,63,-3
William Mouw,5076025,1,9,5,4,Birdie,-1,63,-3
William Mouw,5076025,1,10,4,4,Par,E,63,-3
William Mouw,5076025,1,11,4,5,Bogey,+1,63,-3
William Mouw,5076025,1,12,4,4,Par,E,63,-3
William Mouw,5076025,1,13,4,3,Birdie,-1,63,-3
William Mouw,5076025,1,14,4,3,Birdie,-1,63,-3
William Mouw,5076025,1,15,3,3,Par,E,63,-3
William Mouw,5076025,1,16,4,4,Par,E,63,-3
William Mouw,5076025,1,17,3,3,Par,E,63,-3
Ben James,5077389,1,10,4,4,Par,E,65,-6
Ben James,5077389,1,11,4,5,Bogey,+1,65,-6
Ben James,5077389,1,12,4,4,Par,E,65,-6
Ben James,5077389,1,13,4,4,Par,E,65,-6
Ben James,5077389,1,14,4,3,Birdie,-1,65,-6
Ben James,5077389,1,15,3,3,Par,E,65,-6
Ben James,5077389,1,16,4,3,Birdie,-1,65,-6
Ben James,5077389,1,17,3,3,Par,E,65,-6
Ben James,5077389,1,18,5,5,Par,E,65,-6
Ben James,5077389,1,1,4,3,Birdie,-1,65,-6
Ben James,5077389,1,2,4,3,Birdie,-1,65,-6
Ben James,5077389,1,3,3,2,Birdie,-1,65,-6
Ben James,5077389,1,4,4,4,Par,E,65,-6
Ben James,5077389,1,5,4,3,Birdie,-1,65,-6
Ben James,5077389,1,6,4,4,Par,E,65,-6
Ben James,5077389,1,7,5,4,Birdie,-1,65,-6
Ben James,5077389,1,8,3,4,Bogey,+1,65,-6
Ben James,5077389,1,9,5,4,Birdie,-1,65,-6
Aldrich Potgieter,5080439,1,1,4,7,Triple Bogey,+3,12,+4
Aldrich Potgieter,5080439,1,2,4,5,Bogey,+1,12,+4
Sudarshan Yellamaraju,5143175,1,10,4,4,Par,E,63,-8
Sudarshan Yellamaraju,5143175,1,11,4,6,Double Bogey,+2,63,-8
Sudarshan Yellamaraju,5143175,1,12,4,3,Birdie,-1,63,-8
Sudarshan Yellamaraju,5143175,1,13,4,4,Par,E,63,-8
Sudarshan Yellamaraju,5143175,1,14,4,3,Birdie,-1,63,-8
Sudarshan Yellamaraju,5143175,1,15,3,4,Bogey,+1,63,-8
Sudarshan Yellamaraju,5143175,1,16,4,4,Par,E,63,-8
Sudarshan Yellamaraju,5143175,1,17,3,3,Par,E,63,-8
Sudarshan Yellamaraju,5143175,1,18,5,3,Eagle,-2,63,-8
Sudarshan Yellamaraju,5143175,1,1,4,4,Par,E,63,-8
Sudarshan Yellamaraju,5143175,1,2,4,4,Par,E,63,-8
Sudarshan Yellamaraju,5143175,1,3,3,2,Birdie,-1,63,-8
Sudarshan Yellamaraju,5143175,1,4,4,3,Birdie,-1,63,-8
Sudarshan Yellamaraju,5143175,1,5,4,3,Birdie,-1,63,-8
Sudarshan Yellamaraju,5143175,1,6,4,3,Birdie,-1,63,-8
Sudarshan Yellamaraju,5143175,1,7,5,3,Eagle,-2,63,-8
Sudarshan Yellamaraju,5143175,1,8,3,3,Par,E,63,-8
Sudarshan Yellamaraju,5143175,1,9,5,4,Birdie,-1,63,-8
David Ford,5150294,1,10,4,4,Par,E,53,-5
David Ford,5150294,1,11,4,3,Birdie,-1,53,-5
David Ford,5150294,1,12,4,3,Birdie,-1,53,-5
David Ford,5150294,1,13,4,4,Par,E,53,-5
David Ford,5150294,1,14,4,3,Birdie,-1,53,-5
David Ford,5150294,1,15,3,4,Bogey,+1,53,-5
David Ford,5150294,1,16,4,4,Par,E,53,-5
David Ford,5150294,1,17,3,3,Par,E,53,-5
David Ford,5150294,1,18,5,5,Par,E,53,-5
David Ford,5150294,1,1,4,4,Par,E,53,-5
David Ford,5150294,1,2,4,4,Par,E,53,-5
David Ford,5150294,1,3,3,3,Par,E,53,-5
David Ford,5150294,1,4,4,3,Birdie,-1,53,-5
David Ford,5150294,1,5,4,2,Eagle,-2,53,-5
David Ford,5150294,1,6,4,4,Par,E,53,-5
Neal Shipley,5209442,1,10,4,4,Par,E,67,-4
Neal Shipley,5209442,1,11,4,3,Birdie,-1,67,-4
Neal Shipley,5209442,1,12,4,4,Par,E,67,-4
Neal Shipley,5209442,1,13,4,5,Bogey,+1,67,-4
Neal Shipley,5209442,1,14,4,4,Par,E,67,-4
Neal Shipley,5209442,1,15,3,2,Birdie,-1,67,-4
Neal Shipley,5209442,1,16,4,4,Par,E,67,-4
Neal Shipley,5209442,1,17,3,3,Par,E,67,-4
Neal Shipley,5209442,1,18,5,5,Par,E,67,-4
Neal Shipley,5209442,1,1,4,4,Par,E,67,-4
Neal Shipley,5209442,1,2,4,5,Bogey,+1,67,-4
Neal Shipley,5209442,1,3,3,2,Birdie,-1,67,-4
Neal Shipley,5209442,1,4,4,4,Par,E,67,-4
Neal Shipley,5209442,1,5,4,4,Par,E,67,-4
Neal Shipley,5209442,1,6,4,4,Par,E,67,-4
Neal Shipley,5209442,1,7,5,4,Birdie,-1,67,-4
Neal Shipley,5209442,1,8,3,2,Birdie,-1,67,-4
Neal Shipley,5209442,1,9,5,4,Birdie,-1,67,-4
Jackson Koivun,5215013,1,10,4,4,Par,E,69,-2
Jackson Koivun,5215013,1,11,4,4,Par,E,69,-2
Jackson Koivun,5215013,1,12,4,4,Par,E,69,-2
Jackson Koivun,5215013,1,13,4,4,Par,E,69,-2
Jackson Koivun,5215013,1,14,4,4,Par,E,69,-2
Jackson Koivun,5215013,1,15,3,3,Par,E,69,-2
Jackson Koivun,5215013,1,16,4,4,Par,E,69,-2
Jackson Koivun,5215013,1,17,3,3,Par,E,69,-2
Jackson Koivun,5215013,1,18,5,4,Birdie,-1,69,-2
Jackson Koivun,5215013,1,1,4,4,Par,E,69,-2
Jackson Koivun,5215013,1,2,4,5,Bogey,+1,69,-2
Jackson Koivun,5215013,1,3,3,4,Bogey,+1,69,-2
Jackson Koivun,5215013,1,4,4,5,Bogey,+1,69,-2
Jackson Koivun,5215013,1,5,4,3,Birdie,-1,69,-2
Jackson Koivun,5215013,1,6,4,4,Par,E,69,-2
Jackson Koivun,5215013,1,7,5,4,Birdie,-1,69,-2
Jackson Koivun,5215013,1,8,3,2,Birdie,-1,69,-2
Jackson Koivun,5215013,1,9,5,4,Birdie,-1,69,-2
Matt Snyder,5215276,1,1,4,3,Birdie,-1,65,+2
Matt Snyder,5215276,1,2,4,5,Bogey,+1,65,+2
Matt Snyder,5215276,1,3,3,4,Bogey,+1,65,+2
Matt Snyder,5215276,1,4,4,4,Par,E,65,+2
Matt Snyder,5215276,1,5,4,3,Birdie,-1,65,+2
Matt Snyder,5215276,1,6,4,5,Bogey,+1,65,+2
Matt Snyder,5215276,1,7,5,4,Birdie,-1,65,+2
Matt Snyder,5215276,1,8,3,3,Par,E,65,+2
Matt Snyder,5215276,1,9,5,4,Birdie,-1,65,+2
Matt Snyder,5215276,1,10,4,5,Bogey,+1,65,+2
Matt Snyder,5215276,1,11,4,4,Par,E,65,+2
Matt Snyder,5215276,1,12,4,7,Triple Bogey,+3,65,+2
Matt Snyder,5215276,1,13,4,5,Bogey,+1,65,+2
Matt Snyder,5215276,1,14,4,3,Birdie,-1,65,+2
Matt Snyder,5215276,1,15,3,2,Birdie,-1,65,+2
Matt Snyder,5215276,1,16,4,4,Par,E,65,+2
Johnny Keefer,5217048,1,10,4,3,Birdie,-1,67,-4
Johnny Keefer,5217048,1,11,4,4,Par,E,67,-4
Johnny Keefer,5217048,1,12,4,4,Par,E,67,-4
Johnny Keefer,5217048,1,13,4,4,Par,E,67,-4
Johnny Keefer,5217048,1,14,4,4,Par,E,67,-4
Johnny Keefer,5217048,1,15,3,2,Birdie,-1,67,-4
Johnny Keefer,5217048,1,16,4,4,Par,E,67,-4
Johnny Keefer,5217048,1,17,3,3,Par,E,67,-4
Johnny Keefer,5217048,1,18,5,4,Birdie,-1,67,-4
Johnny Keefer,5217048,1,1,4,5,Bogey,+1,67,-4
Johnny Keefer,5217048,1,2,4,4,Par,E,67,-4
Johnny Keefer,5217048,1,3,3,2,Birdie,-1,67,-4
Johnny Keefer,5217048,1,4,4,4,Par,E,67,-4
Johnny Keefer,5217048,1,5,4,3,Birdie,-1,67,-4
Johnny Keefer,5217048,1,6,4,4,Par,E,67,-4
Johnny Keefer,5217048,1,7,5,4,Birdie,-1,67,-4
Johnny Keefer,5217048,1,8,3,3,Par,E,67,-4
Johnny Keefer,5217048,1,9,5,6,Bogey,+1,67,-4
Kihei Akina,5221421,1,10,4,5,Bogey,+1,57,-1
Kihei Akina,5221421,1,11,4,4,Par,E,57,-1
Kihei Akina,5221421,1,12,4,4,Par,E,57,-1
Kihei Akina,5221421,1,13,4,5,Bogey,+1,57,-1
Kihei Akina,5221421,1,14,4,3,Birdie,-1,57,-1
Kihei Akina,5221421,1,15,3,3,Par,E,57,-1
Kihei Akina,5221421,1,16,4,4,Par,E,57,-1
Kihei Akina,5221421,1,17,3,2,Birdie,-1,57,-1
Kihei Akina,5221421,1,18,5,4,Birdie,-1,57,-1
Kihei Akina,5221421,1,1,4,4,Par,E,57,-1
Kihei Akina,5221421,1,2,4,4,Par,E,57,-1
Kihei Akina,5221421,1,3,3,3,Par,E,57,-1
Kihei Akina,5221421,1,4,4,4,Par,E,57,-1
Kihei Akina,5221421,1,5,4,4,Par,E,57,-1
Kihei Akina,5221421,1,6,4,4,Par,E,57,-1
Bowen Mauss,5240673,1,10,4,4,Par,E,59,+1
Bowen Mauss,5240673,1,11,4,5,Bogey,+1,59,+1
Bowen Mauss,5240673,1,12,4,4,Par,E,59,+1
Bowen Mauss,5240673,1,13,4,4,Par,E,59,+1
Bowen Mauss,5240673,1,14,4,3,Birdie,-1,59,+1
Bowen Mauss,5240673,1,15,3,3,Par,E,59,+1
Bowen Mauss,5240673,1,16,4,4,Par,E,59,+1
Bowen Mauss,5240673,1,17,3,3,Par,E,59,+1
Bowen Mauss,5240673,1,18,5,7,Double Bogey,+2,59,+1
Bowen Mauss,5240673,1,1,4,4,Par,E,59,+1
Bowen Mauss,5240673,1,2,4,4,Par,E,59,+1
Bowen Mauss,5240673,1,3,3,3,Par,E,59,+1
Bowen Mauss,5240673,1,4,4,3,Birdie,-1,59,+1
Bowen Mauss,5240673,1,5,4,4,Par,E,59,+1
Bowen Mauss,5240673,1,6,4,4,Par,E,59,+1
Seonghyeon An,5454888,1,1,4,5,Bogey,+1,63,+4
Seonghyeon An,5454888,1,2,4,3,Birdie,-1,63,+4
Seonghyeon An,5454888,1,3,3,3,Par,E,63,+4
Seonghyeon An,5454888,1,4,4,4,Par,E,63,+4
Seonghyeon An,5454888,1,5,4,4,Par,E,63,+4
Seonghyeon An,5454888,1,6,4,6,Double Bogey,+2,63,+4
Seonghyeon An,5454888,1,7,5,6,Bogey,+1,63,+4
Seonghyeon An,5454888,1,8,3,3,Par,E,63,+4
Seonghyeon An,5454888,1,9,5,6,Bogey,+1,63,+4
Seonghyeon An,5454888,1,10,4,4,Par,E,63,+4
Seonghyeon An,5454888,1,11,4,4,Par,E,63,+4
Seonghyeon An,5454888,1,12,4,3,Birdie,-1,63,+4
Seonghyeon An,5454888,1,13,4,5,Bogey,+1,63,+4
Seonghyeon An,5454888,1,14,4,4,Par,E,63,+4
Seonghyeon An,5454888,1,15,3,3,Par,E,63,+4
Andrew Putnam,5502,1,10,4,4,Par,E,67,+1
Andrew Putnam,5502,1,11,4,4,Par,E,67,+1
Andrew Putnam,5502,1,12,4,4,Par,E,67,+1
Andrew Putnam,5502,1,13,4,4,Par,E,67,+1
Andrew Putnam,5502,1,14,4,3,Birdie,-1,67,+1
Andrew Putnam,5502,1,15,3,3,Par,E,67,+1
Andrew Putnam,5502,1,16,4,6,Double Bogey,+2,67,+1
Andrew Putnam,5502,1,17,3,4,Bogey,+1,67,+1
Andrew Putnam,5502,1,18,5,6,Bogey,+1,67,+1
Andrew Putnam,5502,1,1,4,4,Par,E,67,+1
Andrew Putnam,5502,1,2,4,4,Par,E,67,+1
Andrew Putnam,5502,1,3,3,2,Birdie,-1,67,+1
Andrew Putnam,5502,1,4,4,6,Double Bogey,+2,67,+1
Andrew Putnam,5502,1,5,4,3,Birdie,-1,67,+1
Andrew Putnam,5502,1,6,4,3,Birdie,-1,67,+1
Andrew Putnam,5502,1,7,5,4,Birdie,-1,67,+1
Andrew Putnam,5502,1,8,3,3,Par,E,67,+1
Peter Malnati,5692,1,1,4,4,Par,E,74,+3
Peter Malnati,5692,1,2,4,4,Par,E,74,+3
Peter Malnati,5692,1,3,3,3,Par,E,74,+3
Peter Malnati,5692,1,4,4,5,Bogey,+1,74,+3
Peter Malnati,5692,1,5,4,4,Par,E,74,+3
Peter Malnati,5692,1,6,4,4,Par,E,74,+3
Peter Malnati,5692,1,7,5,7,Double Bogey,+2,74,+3
Peter Malnati,5692,1,8,3,2,Birdie,-1,74,+3
Peter Malnati,5692,1,9,5,5,Par,E,74,+3
Peter Malnati,5692,1,10,4,5,Bogey,+1,74,+3
Peter Malnati,5692,1,11,4,4,Par,E,74,+3
Peter Malnati,5692,1,12,4,3,Birdie,-1,74,+3
Peter Malnati,5692,1,13,4,5,Bogey,+1,74,+3
Peter Malnati,5692,1,14,4,6,Double Bogey,+2,74,+3
Peter Malnati,5692,1,15,3,3,Par,E,74,+3
Peter Malnati,5692,1,16,4,3,Birdie,-1,74,+3
Peter Malnati,5692,1,17,3,3,Par,E,74,+3
Peter Malnati,5692,1,18,5,4,Birdie,-1,74,+3
Emiliano Grillo,5882,1,1,4,4,Par,E,4,E
Séamus Power,6001,1,1,4,3,Birdie,-1,64,-2
Séamus Power,6001,1,2,4,5,Bogey,+1,64,-2
Séamus Power,6001,1,3,3,3,Par,E,64,-2
Séamus Power,6001,1,4,4,4,Par,E,64,-2
Séamus Power,6001,1,5,4,3,Birdie,-1,64,-2
Séamus Power,6001,1,6,4,4,Par,E,64,-2
Séamus Power,6001,1,7,5,5,Par,E,64,-2
Séamus Power,6001,1,8,3,3,Par,E,64,-2
Séamus Power,6001,1,9,5,4,Birdie,-1,64,-2
Séamus Power,6001,1,10,4,4,Par,E,64,-2
Séamus Power,6001,1,11,4,6,Double Bogey,+2,64,-2
Séamus Power,6001,1,12,4,4,Par,E,64,-2
Séamus Power,6001,1,13,4,4,Par,E,64,-2
Séamus Power,6001,1,14,4,3,Birdie,-1,64,-2
Séamus Power,6001,1,15,3,2,Birdie,-1,64,-2
Séamus Power,6001,1,16,4,5,Bogey,+1,64,-2
Séamus Power,6001,1,17,3,2,Birdie,-1,64,-2
Tom Hoge,6086,1,10,4,4,Par,E,69,-2
Tom Hoge,6086,1,11,4,4,Par,E,69,-2
Tom Hoge,6086,1,12,4,4,Par,E,69,-2
Tom Hoge,6086,1,13,4,4,Par,E,69,-2
Tom Hoge,6086,1,14,4,3,Birdie,-1,69,-2
Tom Hoge,6086,1,15,3,3,Par,E,69,-2
Tom Hoge,6086,1,16,4,6,Double Bogey,+2,69,-2
Tom Hoge,6086,1,17,3,3,Par,E,69,-2
Tom Hoge,6086,1,18,5,7,Double Bogey,+2,69,-2
Tom Hoge,6086,1,1,4,3,Birdie,-1,69,-2
Tom Hoge,6086,1,2,4,3,Birdie,-1,69,-2
Tom Hoge,6086,1,3,3,3,Par,E,69,-2
Tom Hoge,6086,1,4,4,4,Par,E,69,-2
Tom Hoge,6086,1,5,4,3,Birdie,-1,69,-2
Tom Hoge,6086,1,6,4,4,Par,E,69,-2
Tom Hoge,6086,1,7,5,4,Birdie,-1,69,-2
Tom Hoge,6086,1,8,3,2,Birdie,-1,69,-2
Tom Hoge,6086,1,9,5,5,Par,E,69,-2
Joel Dahmen,6196,1,10,4,4,Par,E,61,-5
Joel Dahmen,6196,1,11,4,4,Par,E,61,-5
Joel Dahmen,6196,1,12,4,4,Par,E,61,-5
Joel Dahmen,6196,1,13,4,4,Par,E,61,-5
Joel Dahmen,6196,1,14,4,3,Birdie,-1,61,-5
Joel Dahmen,6196,1,15,3,3,Par,E,61,-5
Joel Dahmen,6196,1,16,4,4,Par,E,61,-5
Joel Dahmen,6196,1,17,3,3,Par,E,61,-5
Joel Dahmen,6196,1,18,5,4,Birdie,-1,61,-5
Joel Dahmen,6196,1,1,4,3,Birdie,-1,61,-5
Joel Dahmen,6196,1,2,4,4,Par,E,61,-5
Joel Dahmen,6196,1,3,3,4,Bogey,+1,61,-5
Joel Dahmen,6196,1,4,4,4,Par,E,61,-5
Joel Dahmen,6196,1,5,4,3,Birdie,-1,61,-5
Joel Dahmen,6196,1,6,4,4,Par,E,61,-5
Joel Dahmen,6196,1,7,5,3,Eagle,-2,61,-5
Joel Dahmen,6196,1,8,3,3,Par,E,61,-5
David Lipsky,6701,1,1,4,3,Birdie,-1,63,-8
David Lipsky,6701,1,2,4,4,Par,E,63,-8
David Lipsky,6701,1,3,3,2,Birdie,-1,63,-8
David Lipsky,6701,1,4,4,4,Par,E,63,-8
David Lipsky,6701,1,5,4,4,Par,E,63,-8
David Lipsky,6701,1,6,4,4,Par,E,63,-8
David Lipsky,6701,1,7,5,5,Par,E,63,-8
David Lipsky,6701,1,8,3,3,Par,E,63,-8
David Lipsky,6701,1,9,5,4,Birdie,-1,63,-8
David Lipsky,6701,1,10,4,3,Birdie,-1,63,-8
David Lipsky,6701,1,11,4,4,Par,E,63,-8
David Lipsky,6701,1,12,4,4,Par,E,63,-8
David Lipsky,6701,1,13,4,4,Par,E,63,-8
David Lipsky,6701,1,14,4,2,Eagle,-2,63,-8
David Lipsky,6701,1,15,3,3,Par,E,63,-8
David Lipsky,6701,1,16,4,4,Par,E,63,-8
David Lipsky,6701,1,17,3,2,Birdie,-1,63,-8
David Lipsky,6701,1,18,5,4,Birdie,-1,63,-8
Lucas Glover,676,1,10,4,4,Par,E,8,E
Lucas Glover,676,1,11,4,4,Par,E,8,E
Patrick Rodgers,6825,1,1,4,4,Par,E,70,-1
Patrick Rodgers,6825,1,2,4,6,Double Bogey,+2,70,-1
Patrick Rodgers,6825,1,3,3,3,Par,E,70,-1
Patrick Rodgers,6825,1,4,4,4,Par,E,70,-1
Patrick Rodgers,6825,1,5,4,4,Par,E,70,-1
Patrick Rodgers,6825,1,6,4,4,Par,E,70,-1
Patrick Rodgers,6825,1,7,5,4,Birdie,-1,70,-1
Patrick Rodgers,6825,1,8,3,3,Par,E,70,-1
Patrick Rodgers,6825,1,9,5,5,Par,E,70,-1
Patrick Rodgers,6825,1,10,4,4,Par,E,70,-1
Patrick Rodgers,6825,1,11,4,4,Par,E,70,-1
Patrick Rodgers,6825,1,12,4,5,Bogey,+1,70,-1
Patrick Rodgers,6825,1,13,4,4,Par,E,70,-1
Patrick Rodgers,6825,1,14,4,3,Birdie,-1,70,-1
Patrick Rodgers,6825,1,15,3,2,Birdie,-1,70,-1
Patrick Rodgers,6825,1,16,4,3,Birdie,-1,70,-1
Patrick Rodgers,6825,1,17,3,3,Par,E,70,-1
Patrick Rodgers,6825,1,18,5,5,Par,E,70,-1
Ben Kohles,6922,1,10,4,4,Par,E,4,E
Mackenzie Hughes,6931,1,10,4,5,Bogey,+1,21,+1
Mackenzie Hughes,6931,1,11,4,4,Par,E,21,+1
Mackenzie Hughes,6931,1,12,4,4,Par,E,21,+1
Mackenzie Hughes,6931,1,13,4,4,Par,E,21,+1
Mackenzie Hughes,6931,1,14,4,4,Par,E,21,+1
Stephan Jaeger,6937,1,1,4,4,Par,E,63,-8
Stephan Jaeger,6937,1,2,4,3,Birdie,-1,63,-8
Stephan Jaeger,6937,1,3,3,3,Par,E,63,-8
Stephan Jaeger,6937,1,4,4,4,Par,E,63,-8
Stephan Jaeger,6937,1,5,4,3,Birdie,-1,63,-8
Stephan Jaeger,6937,1,6,4,4,Par,E,63,-8
Stephan Jaeger,6937,1,7,5,4,Birdie,-1,63,-8
Stephan Jaeger,6937,1,8,3,3,Par,E,63,-8
Stephan Jaeger,6937,1,9,5,4,Birdie,-1,63,-8
Stephan Jaeger,6937,1,10,4,4,Par,E,63,-8
Stephan Jaeger,6937,1,11,4,3,Birdie,-1,63,-8
Stephan Jaeger,6937,1,12,4,4,Par,E,63,-8
Stephan Jaeger,6937,1,13,4,4,Par,E,63,-8
Stephan Jaeger,6937,1,14,4,3,Birdie,-1,63,-8
Stephan Jaeger,6937,1,15,3,3,Par,E,63,-8
Stephan Jaeger,6937,1,16,4,4,Par,E,63,-8
Stephan Jaeger,6937,1,17,3,2,Birdie,-1,63,-8
Stephan Jaeger,6937,1,18,5,4,Birdie,-1,63,-8
Ben Silverman,8910,1,10,4,4,Par,E,17,+1
Ben Silverman,8910,1,11,4,4,Par,E,17,+1
Ben Silverman,8910,1,12,4,5,Bogey,+1,17,+1
Ben Silverman,8910,1,13,4,4,Par,E,17,+1
Max Homa,8973,1,1,4,4,Par,E,11,E
Max Homa,8973,1,2,4,4,Par,E,11,E
Max Homa,8973,1,3,3,3,Par,E,11,E
Zac Blair,9040,1,10,4,4,Par,E,66,-5
Zac Blair,9040,1,11,4,4,Par,E,66,-5
Zac Blair,9040,1,12,4,4,Par,E,66,-5
Zac Blair,9040,1,13,4,4,Par,E,66,-5
Zac Blair,9040,1,14,4,3,Birdie,-1,66,-5
Zac Blair,9040,1,15,3,3,Par,E,66,-5
Zac Blair,9040,1,16,4,4,Par,E,66,-5
Zac Blair,9040,1,17,3,2,Birdie,-1,66,-5
Zac Blair,9040,1,18,5,4,Birdie,-1,66,-5
Zac Blair,9040,1,1,4,3,Birdie,-1,66,-5
Zac Blair,9040,1,2,4,4,Par,E,66,-5
Zac Blair,9040,1,3,3,3,Par,E,66,-5
Zac Blair,9040,1,4,4,3,Birdie,-1,66,-5
Zac Blair,9040,1,5,4,3,Birdie,-1,66,-5
Zac Blair,9040,1,6,4,4,Par,E,66,-5
Zac Blair,9040,1,7,5,7,Double Bogey,+2,66,-5
Zac Blair,9040,1,8,3,3,Par,E,66,-5
Zac Blair,9040,1,9,5,4,Birdie,-1,66,-5
Adam Svensson,9127,1,10,4,4,Par,E,4,E
Mark Hubbard,9143,1,1,4,4,Par,E,70,-1
Mark Hubbard,9143,1,2,4,3,Birdie,-1,70,-1
Mark Hubbard,9143,1,3,3,4,Bogey,+1,70,-1
Mark Hubbard,9143,1,4,4,4,Par,E,70,-1
Mark Hubbard,9143,1,5,4,4,Par,E,70,-1
Mark Hubbard,9143,1,6,4,4,Par,E,70,-1
Mark Hubbard,9143,1,7,5,4,Birdie,-1,70,-1
Mark Hubbard,9143,1,8,3,3,Par,E,70,-1
Mark Hubbard,9143,1,9,5,5,Par,E,70,-1
Mark Hubbard,9143,1,10,4,4,Par,E,70,-1
Mark Hubbard,9143,1,11,4,4,Par,E,70,-1
Mark Hubbard,9143,1,12,4,4,Par,E,70,-1
Mark Hubbard,9143,1,13,4,5,Bogey,+1,70,-1
Mark Hubbard,9143,1,14,4,3,Birdie,-1,70,-1
Mark Hubbard,9143,1,15,3,2,Birdie,-1,70,-1
Mark Hubbard,9143,1,16,4,5,Bogey,+1,70,-1
Mark Hubbard,9143,1,17,3,4,Bogey,+1,70,-1
Mark Hubbard,9143,1,18,5,4,Birdie,-1,70,-1
Haotong Li,9221,1,1,4,5,Bogey,+1,62,-4
Haotong Li,9221,1,2,4,4,Par,E,62,-4
Haotong Li,9221,1,3,3,4,Bogey,+1,62,-4
Haotong Li,9221,1,4,4,4,Par,E,62,-4
Haotong Li,9221,1,5,4,4,Par,E,62,-4
Haotong Li,9221,1,6,4,3,Birdie,-1,62,-4
Haotong Li,9221,1,7,5,4,Birdie,-1,62,-4
Haotong Li,9221,1,8,3,3,Par,E,62,-4
Haotong Li,9221,1,9,5,3,Eagle,-2,62,-4
Haotong Li,9221,1,10,4,3,Birdie,-1,62,-4
Haotong Li,9221,1,11,4,4,Par,E,62,-4
Haotong Li,9221,1,12,4,4,Par,E,62,-4
Haotong Li,9221,1,13,4,5,Bogey,+1,62,-4
Haotong Li,9221,1,14,4,3,Birdie,-1,62,-4
Haotong Li,9221,1,15,3,3,Par,E,62,-4
Haotong Li,9221,1,16,4,4,Par,E,62,-4
Haotong Li,9221,1,17,3,2,Birdie,-1,62,-4
Christiaan Bezuidenhout,9243,1,1,4,4,Par,E,9,-2
Christiaan Bezuidenhout,9243,1,2,4,3,Birdie,-1,9,-2
Christiaan Bezuidenhout,9243,1,3,3,2,Birdie,-1,9,-2
Erik van Rooyen,9364,1,1,4,4,Par,E,11,E
Erik van Rooyen,9364,1,2,4,4,Par,E,11,E
Erik van Rooyen,9364,1,3,3,3,Par,E,11,E
Jordan Smith,9506,1,10,4,4,Par,E,18,-2
Jordan Smith,9506,1,11,4,4,Par,E,18,-2
Jordan Smith,9506,1,12,4,3,Birdie,-1,18,-2
Jordan Smith,9506,1,13,4,4,Par,E,18,-2
Jordan Smith,9506,1,14,4,3,Birdie,-1,18,-2
Maverick McNealy,9530,1,1,4,5,Bogey,+1,12,+1
Maverick McNealy,9530,1,2,4,4,Par,E,12,+1
Maverick McNealy,9530,1,3,3,3,Par,E,12,+1
Tyler Duncan,9569,1,10,4,4,Par,E,17,+1
Tyler Duncan,9569,1,11,4,4,Par,E,17,+1
Tyler Duncan,9569,1,12,4,4,Par,E,17,+1
Tyler Duncan,9569,1,13,4,5,Bogey,+1,17,+1
Paul Peterson,9600,1,1,4,5,Bogey,+1,64,+1
Paul Peterson,9600,1,2,4,4,Par,E,64,+1
Paul Peterson,9600,1,3,3,3,Par,E,64,+1
Paul Peterson,9600,1,4,4,3,Birdie,-1,64,+1
Paul Peterson,9600,1,5,4,4,Par,E,64,+1
Paul Peterson,9600,1,6,4,4,Par,E,64,+1
Paul Peterson,9600,1,7,5,5,Par,E,64,+1
Paul Peterson,9600,1,8,3,3,Par,E,64,+1
Paul Peterson,9600,1,9,5,5,Par,E,64,+1
Paul Peterson,9600,1,10,4,4,Par,E,64,+1
Paul Peterson,9600,1,11,4,5,Bogey,+1,64,+1
Paul Peterson,9600,1,12,4,3,Birdie,-1,64,+1
Paul Peterson,9600,1,13,4,5,Bogey,+1,64,+1
Paul Peterson,9600,1,14,4,3,Birdie,-1,64,+1
Paul Peterson,9600,1,15,3,4,Bogey,+1,64,+1
Paul Peterson,9600,1,16,4,4,Par,E,64,+1