Event Name,Last Update,Current Round,Course Code,Round,Hole,Par,Yardage,Wave,Avg Score,Players Thru,Eagles or Better,Birdies,Pars,Bogeys,Doubles or Worse
Baycurrent Classic,2026-10-08 9:40 AM,1,YH,1,1,4,475,Total,3.75,12,,4,7,1,
Baycurrent Classic,2026-10-08 9:40 AM,1,YH,1,1,4,475,Morning,3.75,12,,4,7,1,
Baycurrent Classic,2026-10-08 9:40 AM,1,YH,1,1,4,475,Afternoon,,,,,,,
Baycurrent Classic,2026-10-08 9:40 AM,1,YH,1,2,4,418,Total,3.889,9,,1,8,,
Baycurrent Classic,2026-10-08 9:40 AM,1,YH,1,2,4,418,Morning,3.889,9,,1,8,,
Baycurrent Classic,2026-10-08 9:40 AM,1,YH,1,2,4,418,Afternoon,,,,,,,
Baycurrent Classic,2026-10-08 9:40 AM,1,YH,1,3,3,168,Total,3.333,3,,,2,1,
Baycurrent Classic,2026-10-08 9:40 AM,1,YH,1,3,3,168,Morning,3.333,3,,,2,1,
Baycurrent Classic,2026-10-08 9:40 AM,1,YH,1,3,3,168,Afternoon,,,,,,,
Baycurrent Classic,2026-10-08 9:40 AM,1,YH,1,4,5,536,Total,,,,,,,
Baycurrent Classic,2026-10-08 9:40 AM,1,YH,1,4,5,536,Morning,,,,,,,
Baycurrent Classic,2026-10-08 9:40 AM,1,YH,1,4,5,536,Afternoon,,,,,,,
Baycurrent Classic,2026-10-08 9:40 AM,1,YH,1,5,4,436,Total,,,,,,,
Baycurrent Classic,2026-10-08 9:40 AM,1,YH,1,5,4,436,Morning,,,,,,,
Baycurrent Classic,2026-10-08 9:40 AM,1,YH,1,5,4,436,Afternoon,,,,,,,
Baycurrent Classic,2026-10-08 9:40 AM,1,YH,1,6,5,529,Total,,,,,,,
Baycurrent Classic,2026-10-08 9:40 AM,1,YH,1,6,5,529,Morning,,,,,,,
Baycurrent Classic,2026-10-08 9:40 AM,1,YH,1,6,5,529,Afternoon,,,,,,,
Baycurrent Classic,2026-10-08 9:40 AM,1,YH,1,7,3,182,Total,,,,,,,
Baycurrent Classic,2026-10-08 9:40 AM,1,YH,1,7,3,182,Morning,,,,,,,
Baycurrent Classic,2026-10-08 9:40 AM,1,YH,1,7,3,182,Afternoon,,,,,,,
Baycurrent Classic,2026-10-08 9:40 AM,1,YH,1,8,4,357,Total,,,,,,,
Baycurrent Classic,2026-10-08 9:40 AM,1,YH,1,8,4,357,Morning,,,,,,,
Baycurrent Classic,2026-10-08 9:40 AM,1,YH,1,8,4,357,Afternoon,,,,,,,
Baycurrent Classic,2026-10-08 9:40 AM,1,YH,1,9,4,432,Total,,,,,,,
Baycurrent Classic,2026-10-08 9:40 AM,1,YH,1,9,4,432,Morning,,,,,,,
Baycurrent Classic,2026-10-08 9:40 AM,1,YH,1,9,4,432,Afternoon,,,,,,,
Baycurrent Classic,2026-10-08 9:40 AM,1,YH,1,10,4,431,Total,3.833,12,,5,4,3,
Baycurrent Classic,2026-10-08 9:40 AM,1,YH,1,10,4,431,Morning,3.833,12,,5,4,3,
Baycurrent Classic,2026-10-08 9:40 AM,1,YH,1,10,4,431,Afternoon,,,,,,,
Baycurrent Classic,2026-10-08 9:40 AM,1,YH,1,11,4,510,Total,4.222,9,,,7,2,
Baycurrent Classic,2026-10-08 9:40 AM,1,YH,1,11,4,510,Morning,4.222,9,,,7,2,
Baycurrent Classic,2026-10-08 9:40 AM,1,YH,1,11,4,510,Afternoon,,,,,,,
Baycurrent Classic,2026-10-08 9:40 AM,1,YH,1,12,4,458,Total,4.333,3,,,2,1,
Baycurrent Classic,2026-10-08 9:40 AM,1,YH,1,12,4,458,Morning,4.333,3,,,2,1,
Baycurrent Classic,2026-10-08 9:40 AM,1,YH,1,12,4,458,Afternoon,,,,,,,
Baycurrent Classic,2026-10-08 9:40 AM,1,YH,1,13,4,337,Total,,,,,,,
Baycurrent Classic,2026-10-08 9:40 AM,1,YH,1,13,4,337,Morning,,,,,,,
Baycurrent Classic,2026-10-08 9:40 AM,1,YH,1,13,4,337,Afternoon,,,,,,,
Baycurrent Classic,2026-10-08 9:40 AM,1,YH,1,14,4,508,Total,,,,,,,
Baycurrent Classic,2026-10-08 9:40 AM,1,YH,1,14,4,508,Morning,,,,,,,
Baycurrent Classic,2026-10-08 9:40 AM,1,YH,1,14,4,508,Afternoon,,,,,,,
Baycurrent Classic,2026-10-08 9:40 AM,1,YH,1,15,4,387,Total,,,,,,,
Baycurrent Classic,2026-10-08 9:40 AM,1,YH,1,15,4,387,Morning,,,,,,,
Baycurrent Classic,2026-10-08 9:40 AM,1,YH,1,15,4,387,Afternoon,,,,,,,
Baycurrent Classic,2026-10-08 9:40 AM,1,YH,1,16,3,237,Total,,,,,,,
Baycurrent Classic,2026-10-08 9:40 AM,1,YH,1,16,3,237,Morning,,,,,,,
Baycurrent Classic,2026-10-08 9:40 AM,1,YH,1,16,3,237,Afternoon,,,,,,,
Baycurrent Classic,2026-10-08 9:40 AM,1,YH,1,17,4,439,Total,,,,,,,
Baycurrent Classic,2026-10-08 9:40 AM,1,YH,1,17,4,439,Morning,,,,,,,
Baycurrent Classic,2026-10-08 9:40 AM,1,YH,1,17,4,439,Afternoon,,,,,,,
Baycurrent Classic,2026-10-08 9:40 AM,1,YH,1,18,4,482,Total,,,,,,,
Baycurrent Classic,2026-10-08 9:40 AM,1,YH,1,18,4,482,Morning,,,,,,,
Baycurrent Classic,2026-10-08 9:40 AM,1,YH,1,18,4,482,Afternoon,,,,,,,