Event Name,Last Update,Current Round,Dead Heat Rules,Player Name,DG ID,Player Num,Country,Current Pos,Current Score,Today,Thru,Round,End Hole,Make Cut,Win %,Top 5 %,Top 20 %
Bank of Utah Championship,2026-10-01 7:35 PM,1,no,"Bauchou, Zach",19846,,USA,1,-9,-9,18,1,18,0.994525,0.08762968252,0.3394,0.713925
Bank of Utah Championship,2026-10-01 7:35 PM,1,no,"Brennan, Michael",29197,,USA,T11,-7,-7,18,1,9,0.976725,0.08186004674,0.313425,0.669475
Bank of Utah Championship,2026-10-01 7:35 PM,1,no,"Smith, Jordan",18586,,ENG,T2,-8,-8,18,1,9,0.9874,0.06685269324,0.285475,0.65405
Bank of Utah Championship,2026-10-01 7:35 PM,1,no,"Roy, Kevin",18424,,USA,T2,-8,-8,18,1,18,0.98505,0.04843879398,0.233625,0.594425
Bank of Utah Championship,2026-10-01 7:35 PM,1,no,"Ghim, Doug",24550,,USA,T17,-6,-6,18,1,18,0.963625,0.04601148195,0.225725,0.5909
Bank of Utah Championship,2026-10-01 7:35 PM,1,no,"Fisk, Steven",26657,,USA,T2,-8,-8,18,1,18,0.9824,0.04160407599,0.20405,0.56225
Bank of Utah Championship,2026-10-01 7:35 PM,1,no,"Jaeger, Stephan",16394,,GER,T2,-8,-8,18,1,18,0.978825,0.03991769403,0.19795,0.545275
Bank of Utah Championship,2026-10-01 7:35 PM,1,no,"James, Ben",29827,,USA,T17,-6,-6,18,1,9,0.957475,0.03965678641,0.200325,0.550325
Bank of Utah Championship,2026-10-01 7:35 PM,1,no,"Smotherman, Austin",22985,,USA,T2,-8,-8,18,1,9,0.9804,0.0367829904,0.1868,0.528
Bank of Utah Championship,2026-10-01 7:35 PM,1,no,"Hoey, Rico",23504,,PHI,T11,-7,-7,18,1,18,0.9688,0.03553894226,0.1876,0.53125
Bank of Utah Championship,2026-10-01 7:35 PM,1,no,"Yellamaraju, Sudarshan",29925,,CAN,T2,-8,-8,18,1,9,0.977,0.03275087494,0.1734,0.5082
Bank of Utah Championship,2026-10-01 7:35 PM,1,no,"Taylor, Nick",13126,,CAN,T11,-7,-7,18,1,18,0.975025,0.02796655631,0.1688,0.5236
Bank of Utah Championship,2026-10-01 7:35 PM,1,no,"Bezuidenhout, Christiaan",18103,,RSA,T11,-7,-7,18,1,18,0.975525,0.02658146754,0.162625,0.518
Bank of Utah Championship,2026-10-01 7:35 PM,1,no,"Homa, Max",17538,,USA,T17,-6,-6,18,1,18,0.943875,0.02233210854,0.13375,0.44225
Bank of Utah Championship,2026-10-01 7:35 PM,1,no,"Suber, Jackson",29279,,USA,T26,-5,-5,18,1,9,0.903475,0.01818086729,0.116375,0.403575
Bank of Utah Championship,2026-10-01 7:35 PM,1,no,"Yu, Kevin",17881,,TPE,T26,-5,-5,18,1,18,0.911525,0.01731084754,0.11355,0.41205
Bank of Utah Championship,2026-10-01 7:35 PM,1,no,"Cole, Eric",21756,,USA,T26,-5,-5,18,1,18,0.911525,0.01690704802,0.1153,0.40755
Bank of Utah Championship,2026-10-01 7:35 PM,1,no,"Grillo, Emiliano",12808,,ARG,T17,-6,-6,18,1,18,0.9453,0.01624106196,0.11185,0.410725
Bank of Utah Championship,2026-10-01 7:35 PM,1,no,"Streelman, Kevin",8480,,USA,T2,-8,-8,18,1,9,0.972825,0.01492689845,0.1094,0.3977
Bank of Utah Championship,2026-10-01 7:35 PM,1,no,"Ford, David",31343,,USA,T17,-6,-6,18,1,9,0.929925,0.01401447988,0.0973,0.3638
Bank of Utah Championship,2026-10-01 7:35 PM,1,no,"Lipsky, David",15980,,USA,T2,-8,-8,18,1,18,0.96835,0.01392583689,0.09685,0.3789
Bank of Utah Championship,2026-10-01 7:35 PM,1,no,"McGreevy, Max",23505,,USA,T17,-6,-6,18,1,9,0.9348,0.01377362478,0.098625,0.37865
Bank of Utah Championship,2026-10-01 7:35 PM,1,no,"VanDerLaan, John",25319,,USA,T11,-7,-7,18,1,18,0.9497,0.01365089701,0.09595,0.36595
Bank of Utah Championship,2026-10-01 7:35 PM,1,no,"Higgo, Garrick",24342,,RSA,T11,-7,-7,18,1,18,0.936575,0.0107838132,0.073825,0.304
Bank of Utah Championship,2026-10-01 7:35 PM,1,no,"Keefer, Johnny",32457,,USA,T40,-4,-4,18,1,9,0.834975,0.01026443231,0.07475,0.3176
Bank of Utah Championship,2026-10-01 7:35 PM,1,no,"Dahmen, Joel",14509,,USA,T17,-6,-6,18,1,9,0.9278,0.0100502116,0.07605,0.331975
Bank of Utah Championship,2026-10-01 7:35 PM,1,no,"Kohles, Ben",16395,,USA,T26,-5,-5,18,1,9,0.90935,0.009364673024,0.07755,0.350575
Bank of Utah Championship,2026-10-01 7:35 PM,1,no,"Koivun, Jackson",32319,,USA,T65,-2,-2,18,1,9,0.700075,0.008925013091,0.066575,0.280275
Bank of Utah Championship,2026-10-01 7:35 PM,1,no,"Ewart, A.J.",21883,,CAN,T17,-6,-6,18,1,18,0.920275,0.008867394011,0.070575,0.30545
Bank of Utah Championship,2026-10-01 7:35 PM,1,no,"Li, Haotong",15310,,CHN,T26,-5,-5,18,1,18,0.87355,0.00880497586,0.06635,0.288675
Bank of Utah Championship,2026-10-01 7:35 PM,1,no,"Ventura, Kristoffer",15651,,NOR,T40,-4,-4,18,1,18,0.834125,0.008685663888,0.0671,0.286
Bank of Utah Championship,2026-10-01 7:35 PM,1,no,"Pavon, Matthieu",19960,,FRA,T26,-5,-5,18,1,9,0.8827,0.008483572185,0.063125,0.2885
Bank of Utah Championship,2026-10-01 7:35 PM,1,no,"Horschel, Billy",11276,,USA,T26,-5,-5,18,1,9,0.8892,0.008366325437,0.063725,0.2989
Bank of Utah Championship,2026-10-01 7:35 PM,1,no,"Coody, Pierceson",28309,,USA,T40,-4,-4,18,1,18,0.83,0.008170155582,0.062675,0.28615
Bank of Utah Championship,2026-10-01 7:35 PM,1,no,"McCarty, Matt",28635,,USA,T26,-5,-5,18,1,9,0.8837,0.007876015272,0.069225,0.303375
Bank of Utah Championship,2026-10-01 7:35 PM,1,no,"Dunlap, Nick",28270,,USA,T2,-8,-8,18,1,9,0.954725,0.007446716871,0.05785,0.270375
Bank of Utah Championship,2026-10-01 7:35 PM,1,no,"Van Rooyen, Erik",17550,,RSA,T17,-6,-6,18,1,18,0.9118,0.007284804465,0.0581,0.277675
Bank of Utah Championship,2026-10-01 7:35 PM,1,no,"Fishburn, Patrick",25094,,USA,T26,-5,-5,18,1,9,0.873125,0.007087813928,0.06005,0.28375
Bank of Utah Championship,2026-10-01 7:35 PM,1,no,"Shipley, Neal",32055,,USA,T40,-4,-4,18,1,9,0.817325,0.00666723694,0.0576,0.264025
Bank of Utah Championship,2026-10-01 7:35 PM,1,no,"Penge, Marco",22465,,ENG,T54,-3,-3,18,1,9,0.74745,0.006506752741,0.05135,0.24595
Bank of Utah Championship,2026-10-01 7:35 PM,1,no,"McNealy, Maverick",18634,,USA,T65,-2,-2,18,1,18,0.68805,0.006481920156,0.05505,0.247525
Bank of Utah Championship,2026-10-01 7:35 PM,1,no,"Hall, Harry",27194,,ENG,T40,-4,-4,18,1,9,0.82855,0.005829158744,0.055125,0.2704
Bank of Utah Championship,2026-10-01 7:35 PM,1,no,"Blair, Zac",17639,,USA,T26,-5,-5,18,1,9,0.893825,0.005389438347,0.056775,0.291375
Bank of Utah Championship,2026-10-01 7:35 PM,1,no,"Hodges, Lee",25157,,USA,T40,-4,-4,18,1,9,0.824925,0.005360229196,0.0476,0.246475
Bank of Utah Championship,2026-10-01 7:35 PM,1,no,"Crowe, Trace",27780,,USA,T26,-5,-5,18,1,9,0.8597,0.005119583054,0.04985,0.246575
Bank of Utah Championship,2026-10-01 7:35 PM,1,no,"Kirk, Chris",12423,,USA,T54,-3,-3,18,1,9,0.754125,0.004753281791,0.0435,0.225825
Bank of Utah Championship,2026-10-01 7:35 PM,1,no,"Ramey, Chad",19840,,USA,T26,-5,-5,18,1,18,0.869675,0.004461884528,0.0428,0.239525
Bank of Utah Championship,2026-10-01 7:35 PM,1,no,"Moore, Taylor",21944,,USA,T54,-3,-3,18,1,18,0.710725,0.002998675908,0.0289,0.172775
Bank of Utah Championship,2026-10-01 7:35 PM,1,no,"Clanton, Luke",32330,,USA,T40,-4,-4,18,1,18,0.77215,0.002702593363,0.028475,0.171525
Bank of Utah Championship,2026-10-01 7:35 PM,1,no,"Duncan, Tyler",18187,,USA,T40,-4,-4,18,1,9,0.78645,0.002628787925,0.02795,0.178925
Bank of Utah Championship,2026-10-01 7:35 PM,1,no,"Sargent, Gordon",30814,,USA,T40,-4,-4,18,1,9,0.7393,0.002627970032,0.026975,0.1534
Bank of Utah Championship,2026-10-01 7:35 PM,1,no,"Wallace, Matt",20706,,ENG,T81,-1,-1,18,1,18,0.528925,0.00243528624,0.0259,0.155975
Bank of Utah Championship,2026-10-01 7:35 PM,1,no,"Tosti, Alejandro",17032,,ARG,T26,-5,-5,18,1,9,0.770425,0.00226973873,0.021925,0.1311
Bank of Utah Championship,2026-10-01 7:35 PM,1,no,"Springer, Hayden",21995,,USA,T54,-3,-3,18,1,9,0.675625,0.001865084173,0.020575,0.137925
Bank of Utah Championship,2026-10-01 7:35 PM,1,no,"Mouw, William",29770,,USA,T54,-3,-3,18,1,18,0.669525,0.00178097134,0.02075,0.140175
Bank of Utah Championship,2026-10-01 7:35 PM,1,no,"Akina, Kihei",32652,,USA,T40,-4,-4,18,1,9,0.714175,0.0017282557,0.017175,0.117475
Bank of Utah Championship,2026-10-01 7:35 PM,1,no,"Meissner, Mac",28159,,USA,T81,-1,-1,18,1,9,0.4922,0.001680748076,0.01945,0.125
Bank of Utah Championship,2026-10-01 7:35 PM,1,no,"Svensson, Jesper",26850,,SWE,T54,-3,-3,18,1,9,0.63425,0.001574448265,0.02015,0.121825
Bank of Utah Championship,2026-10-01 7:35 PM,1,no,"Lebioda, Hank",21943,,USA,T40,-4,-4,18,1,18,0.753375,0.001457462209,0.0194,0.134075
Bank of Utah Championship,2026-10-01 7:35 PM,1,no,"Thompson, Davis",27364,,USA,T81,-1,-1,18,1,18,0.4554,0.001263090387,0.0137,0.09865
Bank of Utah Championship,2026-10-01 7:35 PM,1,no,"Svensson, Adam",13997,,CAN,T40,-4,-4,18,1,9,0.746125,0.00123719823,0.01765,0.130175
Bank of Utah Championship,2026-10-01 7:35 PM,1,no,"McCarthy, Denny",19870,,USA,T54,-3,-3,18,1,18,0.685125,0.001232230266,0.01845,0.14245
Bank of Utah Championship,2026-10-01 7:35 PM,1,no,"Hossler, Beau",15470,,USA,T81,-1,-1,18,1,18,0.46255,0.001186270811,0.013825,0.09595
Bank of Utah Championship,2026-10-01 7:35 PM,1,no,"Higgs, Harry",14140,,USA,T40,-4,-4,18,1,18,0.7187,0.001160466382,0.013425,0.1074
Bank of Utah Championship,2026-10-01 7:35 PM,1,no,"Nyholm, Pontus",25475,,SWE,T54,-3,-3,18,1,18,0.621575,0.001105090893,0.01365,0.100675
Bank of Utah Championship,2026-10-01 7:35 PM,1,no,"Davis, Cam",17786,,AUS,T40,-4,-4,18,1,9,0.6632,0.001037157686,0.010825,0.08095
Bank of Utah Championship,2026-10-01 7:35 PM,1,no,"Dou, Zecheng",16757,,CHN,T65,-2,-2,18,1,9,0.566625,0.00103170194,0.01585,0.113675
Bank of Utah Championship,2026-10-01 7:35 PM,1,no,"Greyserman, Max",23465,,USA,T81,-1,-1,18,1,9,0.434575,0.0009699557141,0.01135,0.088
Bank of Utah Championship,2026-10-01 7:35 PM,1,no,"Kanaya, Takumi",19729,,JPN,T65,-2,-2,18,1,18,0.554125,0.0009431071724,0.010175,0.090775
Bank of Utah Championship,2026-10-01 7:35 PM,1,no,"Hughes, Mackenzie",15556,,CAN,T81,-1,-1,18,1,9,0.449875,0.000760070878,0.010975,0.08315
Bank of Utah Championship,2026-10-01 7:35 PM,1,no,"Lower, Justin",17723,,USA,T65,-2,-2,18,1,18,0.494425,0.0007329592,0.007175,0.06475
Bank of Utah Championship,2026-10-01 7:35 PM,1,no,"Parry, John",13764,,ENG,T81,-1,-1,18,1,9,0.455925,0.0006243129528,0.009525,0.081525
Bank of Utah Championship,2026-10-01 7:35 PM,1,no,"Hoge, Tom",15575,,USA,T65,-2,-2,18,1,9,0.482475,0.0005545357776,0.00635,0.062975
Bank of Utah Championship,2026-10-01 7:35 PM,1,no,"Blanchet, Chandler",24956,,USA,T65,-2,-2,18,1,18,0.5032,0.000498751299,0.007525,0.0715
Bank of Utah Championship,2026-10-01 7:35 PM,1,no,"Finau, Tony",11676,,USA,T81,-1,-1,18,1,18,0.3812,0.0004939886789,0.0062,0.05345
Bank of Utah Championship,2026-10-01 7:35 PM,1,no,"Walker, Danny",25003,,USA,T65,-2,-2,18,1,18,0.44905,0.0004096128515,0.005575,0.047625
Bank of Utah Championship,2026-10-01 7:35 PM,1,no,"Phillips, Chandler",27164,,USA,T100,0,0,18,1,9,0.2762,0.0003620497101,0.004475,0.043225
Bank of Utah Championship,2026-10-01 7:35 PM,1,no,"Kang, Jeffrey",21889,,USA,T65,-2,-2,18,1,18,0.441925,0.0003318113765,0.0052,0.0473
Bank of Utah Championship,2026-10-01 7:35 PM,1,no,"Skinns, David",10873,,ENG,T54,-3,-3,18,1,18,0.553775,0.0003168693926,0.0058,0.0589
Bank of Utah Championship,2026-10-01 7:35 PM,1,no,"Rodgers, Patrick",16283,,USA,T81,-1,-1,18,1,18,0.34495,0.0002973065943,0.0044,0.042525
Bank of Utah Championship,2026-10-01 7:35 PM,1,no,"Dumont De Chassart, Adrien",22002,,BEL,T65,-2,-2,18,1,18,0.467775,0.000296684619,0.0052,0.05085
Bank of Utah Championship,2026-10-01 7:35 PM,1,no,"Garnett, Brice",11451,,USA,T65,-2,-2,18,1,9,0.4647,0.0002830984327,0.004225,0.05065
Bank of Utah Championship,2026-10-01 7:35 PM,1,no,"Power, Seamus",10104,,IRL,T81,-1,-1,18,1,18,0.37715,0.0002736218388,0.005125,0.05075
Bank of Utah Championship,2026-10-01 7:35 PM,1,no,"Kizzire, Patton",13470,,USA,T54,-3,-3,18,1,9,0.50905,0.0002712349444,0.0038,0.03925
Bank of Utah Championship,2026-10-01 7:35 PM,1,no,"Campos, Rafael",12909,,PUR,T54,-3,-3,18,1,18,0.543975,0.0002580610365,0.005275,0.057325
Bank of Utah Championship,2026-10-01 7:35 PM,1,no,"Riley, Davis",19872,,USA,T65,-2,-2,18,1,18,0.403175,0.0002475596095,0.0039,0.0367
Bank of Utah Championship,2026-10-01 7:35 PM,1,no,"Gordon, Will",26660,,USA,T81,-1,-1,18,1,9,0.288375,0.0002239126774,0.00245,0.02415
Bank of Utah Championship,2026-10-01 7:35 PM,1,no,"Potgieter, Aldrich",27900,,RSA,T100,0,0,18,1,18,0.252325,0.0002218534664,0.004,0.0353
Bank of Utah Championship,2026-10-01 7:35 PM,1,no,"Hardy, Nick",19865,,USA,T65,-2,-2,18,1,9,0.457975,0.0002090184782,0.004175,0.0444
Bank of Utah Championship,2026-10-01 7:35 PM,1,no,"Silverman, Ben",17381,,CAN,T81,-1,-1,18,1,9,0.3637,0.0001978250265,0.004175,0.04225
Bank of Utah Championship,2026-10-01 7:35 PM,1,no,"Hojgaard, Rasmus",23838,,DEN,T105,1,1,18,1,9,0.157575,0.0001853875709,0.0021,0.0209
Bank of Utah Championship,2026-10-01 7:35 PM,1,no,"Shelley, Tyson",31437,,USA,T26,-5,-5,18,1,18,0.5505,0.0001836734437,0.002325,0.021525
Bank of Utah Championship,2026-10-01 7:35 PM,1,no,"Hubbard, Mark",16333,,USA,T81,-1,-1,18,1,18,0.332325,0.000175,0.003025,0.03675
Bank of Utah Championship,2026-10-01 7:35 PM,1,no,"Martin, Ben",14007,,USA,T81,-1,-1,18,1,18,0.3247,0.0001355657442,0.002025,0.027775
Bank of Utah Championship,2026-10-01 7:35 PM,1,no,"Glover, Lucas",7399,,USA,T105,1,1,18,1,9,0.126375,0.0001,0.001025,0.01015
Bank of Utah Championship,2026-10-01 7:35 PM,1,no,"Hirata, Kensei",20954,,JPN,T81,-1,-1,18,1,9,0.2437,0.00009780973421,0.001,0.0143
Bank of Utah Championship,2026-10-01 7:35 PM,1,no,"Bracken, Boston",30037448,,USA,T65,-2,-2,18,1,9,0.35465,0.00009757684791,0.001875,0.0231
Bank of Utah Championship,2026-10-01 7:35 PM,1,no,"Wu, Dylan",25002,,USA,T65,-2,-2,18,1,9,0.4376,0.0000955436225,0.003425,0.0421
Bank of Utah Championship,2026-10-01 7:35 PM,1,no,"Lundell, Carson",30049,,USA,T81,-1,-1,18,1,18,0.1514,0.00005,0.00035,0.004825
Bank of Utah Championship,2026-10-01 7:35 PM,1,no,"Stanger, Jimmy",23048,,USA,T105,1,1,18,1,9,0.082525,0.00005,0.0003,0.00455
Bank of Utah Championship,2026-10-01 7:35 PM,1,no,"Putnam, Andrew",14704,,USA,T100,0,0,18,1,9,0.228375,0.00005,0.001625,0.02235
Bank of Utah Championship,2026-10-01 7:35 PM,1,no,"Peterson, Paul",16341,,USA,T81,-1,-1,18,1,18,0.335225,0.00004934728827,0.00255,0.032275
Bank of Utah Championship,2026-10-01 7:35 PM,1,no,"Salinda, Isaiah",27183,,USA,T110,2,2,18,1,9,0.061125,0.00003684257336,0.0005,0.00525
Bank of Utah Championship,2026-10-01 7:35 PM,1,no,"Todd, Brendon",12425,,USA,T65,-2,-2,18,1,9,0.270475,0.000025,0.000325,0.007175
Bank of Utah Championship,2026-10-01 7:35 PM,1,no,"An, Seonghyeon",29351,,KOR,119,5,5,18,1,18,0.000575,0,0,0
Bank of Utah Championship,2026-10-01 7:35 PM,1,no,"Lingmerth, David",14815,,SWE,T100,0,0,18,1,9,0.085175,0,0.000075,0.002125
Bank of Utah Championship,2026-10-01 7:35 PM,1,no,"Thompson, Michael",12946,,USA,T100,0,0,18,1,18,0.125725,0,0.0003,0.00585
Bank of Utah Championship,2026-10-01 7:35 PM,1,no,"Lamprecht, Christo",24343,,RSA,T105,1,1,18,1,18,0.0688,0,0.000225,0.003025
Bank of Utah Championship,2026-10-01 7:35 PM,1,no,"Rasmussen, Rhett",25083,,USA,T105,1,1,18,1,18,0.029425,0,0.000025,0.0005
Bank of Utah Championship,2026-10-01 7:35 PM,1,no,"Highsmith, Joe",28469,,USA,T110,2,2,18,1,18,0.052575,0,0.000225,0.003975
Bank of Utah Championship,2026-10-01 7:35 PM,1,no,"Wise, Aaron",22051,,USA,T110,2,2,18,1,18,0.041725,0,0.00015,0.00225
Bank of Utah Championship,2026-10-01 7:35 PM,1,no,"Chatfield, Davis",30620,,USA,T113,3,3,18,1,18,0.022425,0,0.0001,0.00135
Bank of Utah Championship,2026-10-01 7:35 PM,1,no,"Malnati, Peter",14926,,USA,T113,3,3,18,1,18,0.014525,0,0,0.00045
Bank of Utah Championship,2026-10-01 7:35 PM,1,no,"Rozo, Marcelo",16591,,COL,T113,3,3,18,1,9,0.0137,0,0.000025,0.0006
Bank of Utah Championship,2026-10-01 7:35 PM,1,no,"Schenk, Adam",19477,,USA,T113,3,3,18,1,9,0.014475,0,0.00005,0.00055
Bank of Utah Championship,2026-10-01 7:35 PM,1,no,"Snyder, Matt",27286,,USA,T113,3,3,18,1,18,0.003875,0,0,0.000025
Bank of Utah Championship,2026-10-01 7:35 PM,1,no,"Mauss, Bowen",32986,,USA,T81,-1,-1,18,1,9,0.116,0,0.0001,0.001925
Bank of Utah Championship,2026-10-01 7:35 PM,1,no,"Whaley, Vince",25908,,USA,118,4,4,18,1,18,0.00445,0,0,0.00015
Bank of Utah Championship,2026-10-01 7:35 PM,1,no,"Johnson, Zach J.",17619,,USA,T81,-1,-1,18,1,9,0.074,0,0.00005,0.00105
Bank of Utah Championship,2026-10-01 7:35 PM,1,no,"Neergaard-Petersen, Rasmus",23841,,DEN,WD,0,0,,1,9,0,0,0,0