Player Name,Slate-Tournament,Headshot,Player ID,Draftable ID,Tournament,Game Start Time,Salary,Fantasy Points,Ownership,Made Cut,MC,Win,Top 5,Top 10,Top 20,Teetime,Course
Xander Schauffele,Classic: PGA TOUR,https://dkn.gs/sports/images/golf/players/50/722.png,902,44393139,PGA TOUR,10/8/2026,11000,106.83,0,0,0,919.6 (0.10),212.5 (0.32),105.0 (0.49),-243.0 (0.71),,
Bryson DeChambeau,Classic: LIV,https://dkn.gs/sports/images/golf/players/50/656.png,467,43867143,LIV Golf Indianapolis,8/20/2026,11000,26.5,0,0.5,0.5,,,,,,
Bryson DeChambeau,Classic: LIV,https://dkn.gs/sports/images/golf/players/50/656.png,467,43867143,LIV Golf Indianapolis,8/20/2026,11000,26.5,0,0.5,0.5,,,,,,
Jon Rahm,Classic: LIV,https://dkn.gs/sports/images/golf/players/50/1173.png,680,43867144,LIV Golf Indianapolis,8/20/2026,10800,26.1,0,0.5,0.5,,,,,,
Jon Rahm,Classic: LIV,https://dkn.gs/sports/images/golf/players/50/1173.png,680,43867144,LIV Golf Indianapolis,8/20/2026,10800,26.1,0,0.5,0.5,,,,,,
Wyndham Clark,Classic: PGA TOUR,https://dkn.gs/sports/images/golf/players/50/852.png,523168,44393140,PGA TOUR,10/8/2026,10600,106.3,0,0,0,1483.8 (0.06),334.2 (0.23),167.7 (0.37),-148.8 (0.60),,
Joaquin Niemann,Classic: LIV,https://dkn.gs/sports/images/golf/players/50/563.png,509671,43867145,LIV Golf Indianapolis,8/20/2026,10500,25.5,0,0.5,0.5,,,,,,
Joaquin Niemann,Classic: LIV,https://dkn.gs/sports/images/golf/players/50/563.png,509671,43867145,LIV Golf Indianapolis,8/20/2026,10500,25.5,0,0.5,0.5,,,,,,
Collin Morikawa,Classic: PGA TOUR,https://dkn.gs/sports/images/golf/players/50/789.png,300102,44393141,PGA TOUR,10/8/2026,10400,105.02,0,0,0,1454.8 (0.06),352.5 (0.22),175.7 (0.36),-137.8 (0.58),,
Hideki Matsuyama,Classic: PGA TOUR,https://dkn.gs/sports/images/golf/players/50/1130.png,1931,44393142,PGA TOUR,10/8/2026,10200,101.07,0,0,0,1634.0 (0.06),382.5 (0.21),165.8 (0.38),-144.8 (0.59),,
Tyrrell Hatton,Classic: LIV,https://dkn.gs/sports/images/golf/players/50/1015.png,1356,43867146,LIV Golf Indianapolis,8/20/2026,10000,24.5,0,0.5,0.5,,,,,,
Tyrrell Hatton,Classic: LIV,https://dkn.gs/sports/images/golf/players/50/1015.png,1356,43867146,LIV Golf Indianapolis,8/20/2026,10000,24.5,0,0.5,0.5,,,,,,
Jacob Bridgeman,Classic: PGA TOUR,https://dkn.gs/sports/images/golf/players/50/640848.png,764548,44393143,PGA TOUR,10/8/2026,9800,100.88,0,0,0,2105.1 (0.05),463.3 (0.18),214.2 (0.32),-36.4 (0.27),,
Lucas Herbert,Classic: LIV,https://dkn.gs/sports/images/golf/players/50/863.png,113,43867147,LIV Golf Indianapolis,8/20/2026,9800,24.1,0,0.5,0.5,,,,,,
Lucas Herbert,Classic: LIV,https://dkn.gs/sports/images/golf/players/50/863.png,113,43867147,LIV Golf Indianapolis,8/20/2026,9800,24.1,0,0.5,0.5,,,,,,
Justin Thomas,Classic: PGA TOUR,https://dkn.gs/sports/images/golf/players/50/1012.png,1701,44393144,PGA TOUR,10/8/2026,9600,96.13,0,0,0,1975.8 (0.05),455.8 (0.18),215.7 (0.32),-74.8 (0.43),,
David Puig,Classic: LIV,https://dkn.gs/sports/images/countries/50/spain.png,756216,43867148,LIV Golf Indianapolis,8/20/2026,9600,23.7,0,0.5,0.5,,,,,,
David Puig,Classic: LIV,https://dkn.gs/sports/images/countries/50/spain.png,756216,43867148,LIV Golf Indianapolis,8/20/2026,9600,23.7,0,0.5,0.5,,,,,,
Min Woo Lee,Classic: PGA TOUR,https://dkn.gs/sports/images/golf/players/50/60544.png,693648,44393145,PGA TOUR,10/8/2026,9400,95.1,0,0,0,2296.9 (0.04),482.5 (0.17),236.7 (0.30),17.2 (0.85),,
Branden Grace,Classic: LIV,https://dkn.gs/sports/images/golf/players/50/661.png,956,43867149,LIV Golf Indianapolis,8/20/2026,9400,23.3,0,0.5,0.5,,,,,,
Branden Grace,Classic: LIV,https://dkn.gs/sports/images/golf/players/50/661.png,956,43867149,LIV Golf Indianapolis,8/20/2026,9400,23.3,0,0.5,0.5,,,,,,
Ryan Gerard,Classic: PGA TOUR,https://dkn.gs/sports/images/golf/players/50/645035.png,765444,44393146,PGA TOUR,10/8/2026,9300,91.85,0,0,0,2163.4 (0.04),472.5 (0.17),223.3 (0.31),-76.8 (0.43),,
Doug Ghim,Classic: PGA TOUR,https://dkn.gs/sports/images/golf/players/50/546.png,670625,44393147,PGA TOUR,10/8/2026,9200,92.14,0,0,0,2346.3 (0.04),501.7 (0.17),230.0 (0.30),16.0 (0.86),,
Cameron Smith,Classic: LIV,https://dkn.gs/sports/images/golf/players/50/532.png,1194,43867150,LIV Golf Indianapolis,8/20/2026,9200,22.9,0,0.5,0.5,,,,,,
Cameron Smith,Classic: LIV,https://dkn.gs/sports/images/golf/players/50/532.png,1194,43867150,LIV Golf Indianapolis,8/20/2026,9200,22.9,0,0.5,0.5,,,,,,
Adam Scott,Classic: PGA TOUR,https://dkn.gs/sports/images/golf/players/50/875.png,2078,44393148,PGA TOUR,10/8/2026,9100,92.75,0,0,0,2510.4 (0.04),525.8 (0.16),250.8 (0.28),63.2 (0.61),,
Marc Leishman,Classic: LIV,https://dkn.gs/sports/images/golf/players/50/555.png,142,43867151,LIV Golf Indianapolis,8/20/2026,9100,22.7,0,0.5,0.5,,,,,,
Marc Leishman,Classic: LIV,https://dkn.gs/sports/images/golf/players/50/555.png,142,43867151,LIV Golf Indianapolis,8/20/2026,9100,22.7,0,0.5,0.5,,,,,,
Michael Thorbjornsen,Classic: PGA TOUR,https://dkn.gs/sports/images/golf/players/50/787.png,696522,44393149,PGA TOUR,10/8/2026,9000,90.61,0,0,0,2759.3 (0.04),586.7 (0.15),272.5 (0.27),67.2 (0.60),,
Thomas Detry,Classic: LIV,https://dkn.gs/sports/images/golf/players/50/842.png,121942,43867152,LIV Golf Indianapolis,8/20/2026,9000,22.5,0,0.5,0.5,,,,,,
Thomas Detry,Classic: LIV,https://dkn.gs/sports/images/golf/players/50/842.png,121942,43867152,LIV Golf Indianapolis,8/20/2026,9000,22.5,0,0.5,0.5,,,,,,
Sungjae Im,Classic: PGA TOUR,https://dkn.gs/sports/images/golf/players/50/621.png,670620,44393150,PGA TOUR,10/8/2026,8900,91.72,0,0,0,2830.1 (0.03),634.2 (0.14),286.7 (0.26),117.0 (0.46),,
Tom McKibbin,Classic: LIV,https://dkn.gs/sports/images/countries/50/northern_ireland.png,671050,43867155,LIV Golf Indianapolis,8/20/2026,8900,22.3,0,0.5,0.5,,,,,,
Tom McKibbin,Classic: LIV,https://dkn.gs/sports/images/countries/50/northern_ireland.png,671050,43867155,LIV Golf Indianapolis,8/20/2026,8900,22.3,0,0.5,0.5,,,,,,
Kurt Kitayama,Classic: PGA TOUR,https://dkn.gs/sports/images/golf/players/50/921.png,329671,44393151,PGA TOUR,10/8/2026,8800,94.55,0,0,0,3088.8 (0.03),627.5 (0.14),282.5 (0.26),73.2 (0.58),,
Carlos Ortiz,Classic: LIV,https://dkn.gs/sports/images/golf/players/50/580.png,777,43867154,LIV Golf Indianapolis,8/20/2026,8800,22.1,0,0.5,0.5,,,,,,
Carlos Ortiz,Classic: LIV,https://dkn.gs/sports/images/golf/players/50/580.png,777,43867154,LIV Golf Indianapolis,8/20/2026,8800,22.1,0,0.5,0.5,,,,,,
Maverick McNealy,Classic: PGA TOUR,https://dkn.gs/sports/images/golf/players/50/543.png,1914,44393152,PGA TOUR,10/8/2026,8700,91.52,0,0,0,2737.5 (0.04),560.8 (0.15),257.5 (0.28),64.6 (0.61),,
Dean Burmester,Classic: LIV,https://dkn.gs/sports/images/golf/players/50/770.png,851,43867153,LIV Golf Indianapolis,8/20/2026,8700,21.9,0,0.5,0.5,,,,,,
Dean Burmester,Classic: LIV,https://dkn.gs/sports/images/golf/players/50/770.png,851,43867153,LIV Golf Indianapolis,8/20/2026,8700,21.9,0,0.5,0.5,,,,,,
Michael Brennan,Classic: PGA TOUR,,762470,44393153,PGA TOUR,10/8/2026,8600,88.34,0,0,0,3042.9 (0.03),635.0 (0.14),291.7 (0.26),123.8 (0.45),,
Harold Varner III,Classic: LIV,https://dkn.gs/sports/images/golf/players/50/624.png,190,43867156,LIV Golf Indianapolis,8/20/2026,8600,21.7,0,0.5,0.5,,,,,,
Harold Varner III,Classic: LIV,https://dkn.gs/sports/images/golf/players/50/624.png,190,43867156,LIV Golf Indianapolis,8/20/2026,8600,21.7,0,0.5,0.5,,,,,,
Matt Wallace,Classic: PGA TOUR,https://dkn.gs/sports/images/golf/players/50/1105.png,63191,44393154,PGA TOUR,10/8/2026,8500,85.37,0,0,0,3234.8 (0.03),655.8 (0.13),299.2 (0.25),126.2 (0.44),,
Abraham Ancer,Classic: LIV,https://dkn.gs/sports/images/golf/players/50/768.png,662,43867157,LIV Golf Indianapolis,8/20/2026,8500,21.5,0,0.5,0.5,,,,,,
Abraham Ancer,Classic: LIV,https://dkn.gs/sports/images/golf/players/50/768.png,662,43867157,LIV Golf Indianapolis,8/20/2026,8500,21.5,0,0.5,0.5,,,,,,
Rickie Fowler,Classic: PGA TOUR,https://dkn.gs/sports/images/golf/players/50/991.png,1237,44393155,PGA TOUR,10/8/2026,8400,88.64,0,0,0,3635.0 (0.03),780.0 (0.11),323.3 (0.24),134.8 (0.43),,
Victor Perez,Classic: LIV,https://dkn.gs/sports/images/golf/players/50/710.png,670428,43867158,LIV Golf Indianapolis,8/20/2026,8400,21.3,0,0.5,0.5,,,,,,
Victor Perez,Classic: LIV,https://dkn.gs/sports/images/golf/players/50/710.png,670428,43867158,LIV Golf Indianapolis,8/20/2026,8400,21.3,0,0.5,0.5,,,,,,
Jordan Spieth,Classic: PGA TOUR,https://dkn.gs/sports/images/golf/players/50/882.png,171,44393156,PGA TOUR,10/8/2026,8300,86.74,0,0,0,4189.4 (0.02),915.0 (0.10),430.8 (0.19),180.6 (0.36),,
Dustin Johnson,Classic: LIV,https://dkn.gs/sports/images/golf/players/50/720.png,1149,43867159,LIV Golf Indianapolis,8/20/2026,8300,21.1,0,0.5,0.5,,,,,,
Dustin Johnson,Classic: LIV,https://dkn.gs/sports/images/golf/players/50/720.png,1149,43867159,LIV Golf Indianapolis,8/20/2026,8300,21.1,0,0.5,0.5,,,,,,
Keith Mitchell,Classic: PGA TOUR,https://dkn.gs/sports/images/golf/players/50/1076.png,427014,44393157,PGA TOUR,10/8/2026,8200,85.58,0,0,0,4177.0 (0.02),838.3 (0.11),369.7 (0.21),153.2 (0.39),,
Scott Vincent,Classic: LIV,https://dkn.gs/sports/images/golf/players/50/979.png,772,43867160,LIV Golf Indianapolis,8/20/2026,8200,20.9,0,0.5,0.5,,,,,,
Scott Vincent,Classic: LIV,https://dkn.gs/sports/images/golf/players/50/979.png,772,43867160,LIV Golf Indianapolis,8/20/2026,8200,20.9,0,0.5,0.5,,,,,,
Alex Smalley,Classic: PGA TOUR,https://dkn.gs/sports/images/golf/players/50/451986.png,509666,44393158,PGA TOUR,10/8/2026,8100,89.66,0,0,0,3784.9 (0.03),726.7 (0.12),364.2 (0.22),140.0 (0.42),,
Byeong Hun An,Classic: LIV,https://dkn.gs/sports/images/golf/players/50/639.png,1062,43867161,LIV Golf Indianapolis,8/20/2026,8100,20.7,0,0.5,0.5,,,,,,
Byeong Hun An,Classic: LIV,https://dkn.gs/sports/images/golf/players/50/639.png,1062,43867161,LIV Golf Indianapolis,8/20/2026,8100,20.7,0,0.5,0.5,,,,,,
Keegan Bradley,Classic: PGA TOUR,https://dkn.gs/sports/images/golf/players/50/518.png,804,44393159,PGA TOUR,10/8/2026,8000,81.99,0,0,0,3826.8 (0.03),683.3 (0.13),320.8 (0.24),130.0 (0.43),,
Kevin Yu,Classic: PGA TOUR,https://dkn.gs/sports/images/golf/players/50/681.png,671066,44393160,PGA TOUR,10/8/2026,8000,82.64,0,0,0,4314.3 (0.02),866.7 (0.10),394.2 (0.20),152.4 (0.40),,
Charles Howell III,Classic: LIV,https://dkn.gs/sports/images/golf/players/50/1090.png,1645,43867162,LIV Golf Indianapolis,8/20/2026,8000,20.5,0,0.5,0.5,,,,,,
Charles Howell III,Classic: LIV,https://dkn.gs/sports/images/golf/players/50/1090.png,1645,43867162,LIV Golf Indianapolis,8/20/2026,8000,20.5,0,0.5,0.5,,,,,,
Johnny Keefer,Classic: PGA TOUR,,814141,44393161,PGA TOUR,10/8/2026,7900,82.3,0,0,0,4122.6 (0.02),826.7 (0.11),375.8 (0.21),153.6 (0.39),,
Ben Kohles,Classic: PGA TOUR,https://dkn.gs/sports/images/golf/players/50/451327.png,1907,44393162,PGA TOUR,10/8/2026,7900,85.37,0,0,0,5827.3 (0.02),1173.3 (0.08),532.5 (0.16),220.4 (0.31),,
Caleb Surratt,Classic: LIV,https://dkn.gs/sports/images/countries/50/united_states.png,768996,43867163,LIV Golf Indianapolis,8/20/2026,7900,20.3,0,0.5,0.5,,,,,,
Caleb Surratt,Classic: LIV,https://dkn.gs/sports/images/countries/50/united_states.png,768996,43867163,LIV Golf Indianapolis,8/20/2026,7900,20.3,0,0.5,0.5,,,,,,
Keita Nakajima,Classic: PGA TOUR,,699011,44393163,PGA TOUR,10/8/2026,7800,79.52,0,0,0,4468.6 (0.02),878.3 (0.10),407.5 (0.20),162.8 (0.38),,
Michael Kim,Classic: PGA TOUR,https://dkn.gs/sports/images/golf/players/50/597.png,1932,44393164,PGA TOUR,10/8/2026,7800,82.78,0,0,0,4997.8 (0.02),1012.5 (0.09),440.0 (0.19),176.6 (0.36),,
Thomas Pieters,Classic: LIV,https://dkn.gs/sports/images/golf/players/50/864.png,350,43867164,LIV Golf Indianapolis,8/20/2026,7800,20.1,0,0.5,0.5,,,,,,
Thomas Pieters,Classic: LIV,https://dkn.gs/sports/images/golf/players/50/864.png,350,43867164,LIV Golf Indianapolis,8/20/2026,7800,20.1,0,0.5,0.5,,,,,,
Max Greyserman,Classic: PGA TOUR,https://dkn.gs/sports/images/golf/players/50/451990.png,510213,44393165,PGA TOUR,10/8/2026,7700,78.27,0,0,0,5018.3 (0.02),1037.5 (0.09),460.0 (0.18),188.4 (0.35),,
Max Homa,Classic: PGA TOUR,https://dkn.gs/sports/images/golf/players/50/946.png,2024,44393166,PGA TOUR,10/8/2026,7700,81.82,0,0,0,5493.9 (0.02),1000.0 (0.09),469.2 (0.18),187.4 (0.35),,
Paul Casey,Classic: LIV,https://dkn.gs/sports/images/golf/players/50/1039.png,1859,43867165,LIV Golf Indianapolis,8/20/2026,7700,19.9,0,0.5,0.5,,,,,,
Paul Casey,Classic: LIV,https://dkn.gs/sports/images/golf/players/50/1039.png,1859,43867165,LIV Golf Indianapolis,8/20/2026,7700,19.9,0,0.5,0.5,,,,,,
Jackson Suber,Classic: PGA TOUR,https://dkn.gs/sports/images/golf/players/50/632390.png,763051,44393167,PGA TOUR,10/8/2026,7600,81.02,0,0,0,5255.9 (0.02),1058.3 (0.09),462.5 (0.18),188.6 (0.35),,
Ryo Hisatsune,Classic: PGA TOUR,https://dkn.gs/sports/images/golf/players/50/609130.png,760663,44393168,PGA TOUR,10/8/2026,7600,81.3,0,0,0,5168.3 (0.02),971.7 (0.09),430.8 (0.19),161.0 (0.38),,
Josele Ballester,Classic: LIV,https://dkn.gs/sports/images/countries/50/spain.png,773808,43867166,LIV Golf Indianapolis,8/20/2026,7600,19.7,0,0.5,0.5,,,,,,
Sergio Garcia,Classic: LIV,https://dkn.gs/sports/images/golf/players/50/981.png,780,43867167,LIV Golf Indianapolis,8/20/2026,7600,19.7,0,0.5,0.5,,,,,,
Josele Ballester,Classic: LIV,https://dkn.gs/sports/images/countries/50/spain.png,773808,43867166,LIV Golf Indianapolis,8/20/2026,7600,19.7,0,0.5,0.5,,,,,,
Sergio Garcia,Classic: LIV,https://dkn.gs/sports/images/golf/players/50/981.png,780,43867167,LIV Golf Indianapolis,8/20/2026,7600,19.7,0,0.5,0.5,,,,,,
Brian Harman,Classic: PGA TOUR,https://dkn.gs/sports/images/golf/players/50/533.png,805,44393169,PGA TOUR,10/8/2026,7500,80.43,0,0,0,6198.6 (0.02),1208.3 (0.08),545.8 (0.15),221.6 (0.31),,
Jordan L. Smith,Classic: PGA TOUR,https://dkn.gs/sports/images/golf/players/50/820.png,73498,44393170,PGA TOUR,10/8/2026,7500,80.43,0,0,0,6173.0 (0.02),1208.3 (0.08),520.8 (0.16),213.4 (0.32),,
Talor Gooch,Classic: LIV,https://dkn.gs/sports/images/golf/players/50/527.png,729,43867168,LIV Golf Indianapolis,8/20/2026,7500,19.5,0,0.5,0.5,,,,,,
Bubba Watson,Classic: LIV,https://dkn.gs/sports/images/golf/players/50/637.png,411,43867169,LIV Golf Indianapolis,8/20/2026,7500,19.5,0,0.5,0.5,,,,,,
Talor Gooch,Classic: LIV,https://dkn.gs/sports/images/golf/players/50/527.png,729,43867168,LIV Golf Indianapolis,8/20/2026,7500,19.5,0,0.5,0.5,,,,,,
Bubba Watson,Classic: LIV,https://dkn.gs/sports/images/golf/players/50/637.png,411,43867169,LIV Golf Indianapolis,8/20/2026,7500,19.5,0,0.5,0.5,,,,,,
Davis Thompson,Classic: PGA TOUR,https://dkn.gs/sports/images/golf/players/50/456332.png,700001,44393171,PGA TOUR,10/8/2026,7400,80.4,0,0,0,6319.2 (0.02),1229.2 (0.08),553.3 (0.15),209.2 (0.32),,
Zachary Bauchou,Classic: PGA TOUR,,689973,44393172,PGA TOUR,10/8/2026,7400,70.56,0,0,0,6098.1 (0.02),1183.3 (0.08),522.5 (0.16),201.2 (0.33),,
Laurie Canter,Classic: LIV,https://dkn.gs/sports/images/countries/50/england.png,834,43867170,LIV Golf Indianapolis,8/20/2026,7400,19.3,0,0.5,0.5,,,,,,
Sebastián Muñoz,Classic: LIV,https://dkn.gs/sports/images/golf/players/50/662.png,320038,43867171,LIV Golf Indianapolis,8/20/2026,7400,19.3,0,0.5,0.5,,,,,,
Laurie Canter,Classic: LIV,https://dkn.gs/sports/images/countries/50/england.png,834,43867170,LIV Golf Indianapolis,8/20/2026,7400,19.3,0,0.5,0.5,,,,,,
Sebastián Muñoz,Classic: LIV,https://dkn.gs/sports/images/golf/players/50/662.png,320038,43867171,LIV Golf Indianapolis,8/20/2026,7400,19.3,0,0.5,0.5,,,,,,
Steven Fisk,Classic: PGA TOUR,https://dkn.gs/sports/images/golf/players/50/623838.png,761827,44393173,PGA TOUR,10/8/2026,7300,79.61,0,0,0,5986.3 (0.02),1056.7 (0.09),508.3 (0.16),197.8 (0.34),,
Christiaan Bezuidenhout,Classic: PGA TOUR,https://dkn.gs/sports/images/golf/players/50/1115.png,453,44393174,PGA TOUR,10/8/2026,7300,80.63,0,0,0,7412.4 (0.01),1512.5 (0.06),635.8 (0.14),247.0 (0.29),,
Peter Uihlein,Classic: LIV,https://dkn.gs/sports/images/golf/players/50/650.png,218,43867172,LIV Golf Indianapolis,8/20/2026,7300,19.1,0,0.5,0.5,,,,,,
Anirban Lahiri,Classic: LIV,https://dkn.gs/sports/images/golf/players/50/585.png,846,43867173,LIV Golf Indianapolis,8/20/2026,7300,19.1,0,0.5,0.5,,,,,,
Cameron John,Classic: LIV,https://dkn.gs/sports/images/countries/50/australia.png,690257,43893638,LIV Golf Indianapolis,8/20/2026,7300,19.1,0,0.5,0.5,,,,,,
Peter Uihlein,Classic: LIV,https://dkn.gs/sports/images/golf/players/50/650.png,218,43867172,LIV Golf Indianapolis,8/20/2026,7300,19.1,0,0.5,0.5,,,,,,
Anirban Lahiri,Classic: LIV,https://dkn.gs/sports/images/golf/players/50/585.png,846,43867173,LIV Golf Indianapolis,8/20/2026,7300,19.1,0,0.5,0.5,,,,,,
Cameron John,Classic: LIV,https://dkn.gs/sports/images/countries/50/australia.png,690257,43893638,LIV Golf Indianapolis,8/20/2026,7300,19.1,0,0.5,0.5,,,,,,
Beau Hossler,Classic: PGA TOUR,https://dkn.gs/sports/images/golf/players/50/646.png,1689,44393175,PGA TOUR,10/8/2026,7200,76.33,0,0,0,6844.1 (0.01),1225.0 (0.08),553.3 (0.15),221.2 (0.31),,
Ricky Castillo,Classic: PGA TOUR,https://dkn.gs/sports/images/golf/players/50/514324.png,702801,44393176,PGA TOUR,10/8/2026,7200,82.25,0,0,0,7236.3 (0.01),1408.3 (0.07),623.3 (0.14),249.0 (0.29),,
Lee Westwood,Classic: LIV,https://dkn.gs/sports/images/golf/players/50/867.png,638,43867174,LIV Golf Indianapolis,8/20/2026,7200,18.9,0,0.5,0.5,,,,,,
Louis Oosthuizen,Classic: LIV,https://dkn.gs/sports/images/golf/players/50/918.png,584,43867175,LIV Golf Indianapolis,8/20/2026,7200,18.9,0,0.5,0.5,,,,,,
Lee Westwood,Classic: LIV,https://dkn.gs/sports/images/golf/players/50/867.png,638,43867174,LIV Golf Indianapolis,8/20/2026,7200,18.9,0,0.5,0.5,,,,,,
Louis Oosthuizen,Classic: LIV,https://dkn.gs/sports/images/golf/players/50/918.png,584,43867175,LIV Golf Indianapolis,8/20/2026,7200,18.9,0,0.5,0.5,,,,,,
Billy Horschel,Classic: PGA TOUR,https://dkn.gs/sports/images/golf/players/50/915.png,1725,44393177,PGA TOUR,10/8/2026,7100,74.09,0,0,0,7782.3 (0.01),1625.0 (0.06),678.3 (0.13),269.0 (0.27),,
Kevin Roy,Classic: PGA TOUR,https://dkn.gs/sports/images/golf/players/50/525542.png,703862,44393178,PGA TOUR,10/8/2026,7100,76.73,0,0,0,7741.0 (0.01),1516.7 (0.06),625.0 (0.14),241.0 (0.29),,
Richard T. Lee,Classic: LIV,https://dkn.gs/sports/images/countries/50/canada.png,165,43867176,LIV Golf Indianapolis,8/20/2026,7100,18.7,0,0.5,0.5,,,,,,
Charl Schwartzel,Classic: LIV,https://dkn.gs/sports/images/golf/players/50/938.png,193,43867177,LIV Golf Indianapolis,8/20/2026,7100,18.7,0,0.5,0.5,,,,,,
Richard T. Lee,Classic: LIV,https://dkn.gs/sports/images/countries/50/canada.png,165,43867176,LIV Golf Indianapolis,8/20/2026,7100,18.7,0,0.5,0.5,,,,,,
Charl Schwartzel,Classic: LIV,https://dkn.gs/sports/images/golf/players/50/938.png,193,43867177,LIV Golf Indianapolis,8/20/2026,7100,18.7,0,0.5,0.5,,,,,,
Stephan Jaeger,Classic: PGA TOUR,https://dkn.gs/sports/images/golf/players/50/821.png,2044,44393179,PGA TOUR,10/8/2026,7000,76.71,0,0,0,7700.8 (0.01),1491.7 (0.06),612.5 (0.14),246.0 (0.29),,
Sahith Theegala,Classic: PGA TOUR,https://dkn.gs/sports/images/golf/players/50/451906.png,404847,44393180,PGA TOUR,10/8/2026,7000,77.73,0,0,0,7894.0 (0.01),1525.0 (0.06),645.8 (0.13),255.0 (0.28),,
Anthony Kim,Classic: LIV,https://dkn.gs/sports/images/countries/50/united_states.png,1119,43867178,LIV Golf Indianapolis,8/20/2026,7000,18.5,0,0.5,0.5,,,,,,
Ian Poulter,Classic: LIV,https://dkn.gs/sports/images/golf/players/50/974.png,308,43867179,LIV Golf Indianapolis,8/20/2026,7000,18.5,0,0.5,0.5,,,,,,
Anthony Kim,Classic: LIV,https://dkn.gs/sports/images/countries/50/united_states.png,1119,43867178,LIV Golf Indianapolis,8/20/2026,7000,18.5,0,0.5,0.5,,,,,,
Ian Poulter,Classic: LIV,https://dkn.gs/sports/images/golf/players/50/974.png,308,43867179,LIV Golf Indianapolis,8/20/2026,7000,18.5,0,0.5,0.5,,,,,,
Takumi Kanaya,Classic: PGA TOUR,https://dkn.gs/sports/images/golf/players/50/788.png,693416,44393181,PGA TOUR,10/8/2026,6900,71.14,0,0,0,8020.2 (0.01),1441.7 (0.06),626.7 (0.14),249.0 (0.29),,
Rasmus Neergaard-Petersen,Classic: PGA TOUR,,720984,44393182,PGA TOUR,10/8/2026,6900,75.94,0,0,0,8678.8 (0.01),1658.3 (0.06),672.5 (0.13),261.0 (0.28),,
Mac Meissner,Classic: PGA TOUR,https://dkn.gs/sports/images/golf/players/50/557402.png,708878,44393183,PGA TOUR,10/8/2026,6900,77.26,0,0,0,7543.9 (0.01),1504.2 (0.06),613.3 (0.14),243.0 (0.29),,
Brendan Steele,Classic: LIV,https://dkn.gs/sports/images/golf/players/50/566.png,549,43867180,LIV Golf Indianapolis,8/20/2026,6900,18.3,0,0.5,0.5,,,,,,
Matthew Wolff,Classic: LIV,https://dkn.gs/sports/images/golf/players/50/802.png,693781,43867181,LIV Golf Indianapolis,8/20/2026,6900,18.3,0,0.5,0.5,,,,,,
Brendan Steele,Classic: LIV,https://dkn.gs/sports/images/golf/players/50/566.png,549,43867180,LIV Golf Indianapolis,8/20/2026,6900,18.3,0,0.5,0.5,,,,,,
Matthew Wolff,Classic: LIV,https://dkn.gs/sports/images/golf/players/50/802.png,693781,43867181,LIV Golf Indianapolis,8/20/2026,6900,18.3,0,0.5,0.5,,,,,,
Pierceson Coody,Classic: PGA TOUR,https://dkn.gs/sports/images/golf/players/50/562745.png,710732,44393184,PGA TOUR,10/8/2026,6800,73.2,0,0,0,8457.3 (0.01),1512.5 (0.06),626.7 (0.14),252.0 (0.28),,
Kris Ventura,Classic: PGA TOUR,https://dkn.gs/sports/images/golf/players/50/560.png,682435,44393185,PGA TOUR,10/8/2026,6800,71.5,0,0,0,7086.3 (0.01),1216.7 (0.08),575.0 (0.15),221.4 (0.31),,
Nick Taylor,Classic: PGA TOUR,https://dkn.gs/sports/images/golf/players/50/515.png,700,44393186,PGA TOUR,10/8/2026,6800,74.51,0,0,0,9801.2 (0.01),1791.7 (0.05),775.0 (0.11),286.0 (0.26),,
Elvis Smylie,Classic: LIV,https://dkn.gs/sports/images/countries/50/australia.png,721846,43867182,LIV Golf Indianapolis,8/20/2026,6800,18.1,0,0.5,0.5,,,,,,
Younghan Song,Classic: LIV,https://dkn.gs/sports/images/golf/players/50/450447.png,329,43867183,LIV Golf Indianapolis,8/20/2026,6800,18.1,0,0.5,0.5,,,,,,
Elvis Smylie,Classic: LIV,https://dkn.gs/sports/images/countries/50/australia.png,721846,43867182,LIV Golf Indianapolis,8/20/2026,6800,18.1,0,0.5,0.5,,,,,,
Younghan Song,Classic: LIV,https://dkn.gs/sports/images/golf/players/50/450447.png,329,43867183,LIV Golf Indianapolis,8/20/2026,6800,18.1,0,0.5,0.5,,,,,,
Nicolas Echavarria,Classic: PGA TOUR,https://dkn.gs/sports/images/golf/players/50/525572.png,703899,44393187,PGA TOUR,10/8/2026,6700,75.79,0,0,0,9134.5 (0.01),1858.3 (0.05),783.3 (0.11),315.0 (0.24),,
Lee Hodges,Classic: PGA TOUR,https://dkn.gs/sports/images/golf/players/50/1003.png,692607,44393188,PGA TOUR,10/8/2026,6700,75.57,0,0,0,8369.1 (0.01),1645.8 (0.06),665.0 (0.13),244.0 (0.29),,
John Parry,Classic: PGA TOUR,https://dkn.gs/sports/images/golf/players/50/450617.png,708,44393189,PGA TOUR,10/8/2026,6700,74.25,0,0,0,10295.1 (0.01),1775.0 (0.05),781.7 (0.11),292.0 (0.26),,
Richard Bland,Classic: LIV,https://dkn.gs/sports/images/countries/50/england.png,698,43867184,LIV Golf Indianapolis,8/20/2026,6700,17.9,0,0.5,0.5,,,,,,
Adrian Meronk,Classic: LIV,https://dkn.gs/sports/images/countries/50/poland.png,292342,43867185,LIV Golf Indianapolis,8/20/2026,6700,17.9,0,0.5,0.5,,,,,,
Richard Bland,Classic: LIV,https://dkn.gs/sports/images/countries/50/england.png,698,43867184,LIV Golf Indianapolis,8/20/2026,6700,17.9,0,0.5,0.5,,,,,,
Adrian Meronk,Classic: LIV,https://dkn.gs/sports/images/countries/50/poland.png,292342,43867185,LIV Golf Indianapolis,8/20/2026,6700,17.9,0,0.5,0.5,,,,,,
Taylor Pendrith,Classic: PGA TOUR,https://dkn.gs/sports/images/golf/players/50/716.png,1802,44393190,PGA TOUR,10/8/2026,6600,71.11,0,0,0,10254.9 (0.01),1941.7 (0.05),858.3 (0.10),326.0 (0.23),,
Matthew McCarty,Classic: PGA TOUR,https://dkn.gs/sports/images/golf/players/50/623842.png,761831,44393191,PGA TOUR,10/8/2026,6600,73.81,0,0,0,9673.7 (0.01),1925.0 (0.05),805.0 (0.11),321.0 (0.24),,
Taylor Moore,Classic: PGA TOUR,https://dkn.gs/sports/images/golf/players/50/451638.png,165746,44393192,PGA TOUR,10/8/2026,6600,71.49,0,0,0,11170.8 (0.01),1875.0 (0.05),770.0 (0.11),293.0 (0.25),,
Cameron Tringale,Classic: LIV,https://dkn.gs/sports/images/golf/players/50/622.png,1449,43867186,LIV Golf Indianapolis,8/20/2026,6600,17.7,0,0.5,0.5,,,,,,
Luis Masaveu,Classic: LIV,https://dkn.gs/sports/images/countries/50/spain.png,768539,43867187,LIV Golf Indianapolis,8/20/2026,6600,17.7,0,0.5,0.5,,,,,,
Travis Smyth,Classic: LIV,https://dkn.gs/sports/images/countries/50/australia.png,670421,43875274,LIV Golf Indianapolis,8/20/2026,6600,17.7,0,0.5,0.5,,,,,,
Cameron Tringale,Classic: LIV,https://dkn.gs/sports/images/golf/players/50/622.png,1449,43867186,LIV Golf Indianapolis,8/20/2026,6600,17.7,0,0.5,0.5,,,,,,
Luis Masaveu,Classic: LIV,https://dkn.gs/sports/images/countries/50/spain.png,768539,43867187,LIV Golf Indianapolis,8/20/2026,6600,17.7,0,0.5,0.5,,,,,,
Travis Smyth,Classic: LIV,https://dkn.gs/sports/images/countries/50/australia.png,670421,43875274,LIV Golf Indianapolis,8/20/2026,6600,17.7,0,0.5,0.5,,,,,,
Denny McCarthy,Classic: PGA TOUR,https://dkn.gs/sports/images/golf/players/50/631.png,1018,44393193,PGA TOUR,10/8/2026,6500,72.67,0,0,0,12255.8 (0.01),2166.7 (0.04),860.0 (0.10),332.0 (0.23),,
Aldrich Potgieter,Classic: PGA TOUR,https://dkn.gs/sports/images/golf/players/50/648552.png,765936,44393194,PGA TOUR,10/8/2026,6500,70.27,0,0,0,12986.5 (0.01),2325.0 (0.04),946.7 (0.10),354.0 (0.22),,
Tony Finau,Classic: PGA TOUR,https://dkn.gs/sports/images/golf/players/50/808.png,2125,44393195,PGA TOUR,10/8/2026,6500,71.78,0,0,0,17911.7 (0.01),3083.3 (0.03),1254.2 (0.07),459.0 (0.18),,
Jason Kokrak,Classic: LIV,https://dkn.gs/sports/images/golf/players/50/589.png,1080,43867188,LIV Golf Indianapolis,8/20/2026,6500,17.5,0,0.5,0.5,,,,,,
Danny Lee,Classic: LIV,https://dkn.gs/sports/images/golf/players/50/604.png,1883,43867189,LIV Golf Indianapolis,8/20/2026,6500,17.5,0,0.5,0.5,,,,,,
Jason Kokrak,Classic: LIV,https://dkn.gs/sports/images/golf/players/50/589.png,1080,43867188,LIV Golf Indianapolis,8/20/2026,6500,17.5,0,0.5,0.5,,,,,,
Danny Lee,Classic: LIV,https://dkn.gs/sports/images/golf/players/50/604.png,1883,43867189,LIV Golf Indianapolis,8/20/2026,6500,17.5,0,0.5,0.5,,,,,,
Chandler Phillips,Classic: PGA TOUR,https://dkn.gs/sports/images/golf/players/50/61619.png,698927,44393196,PGA TOUR,10/8/2026,6400,72.2,0,0,0,15878.8 (0.01),2766.7 (0.03),1079.2 (0.08),403.0 (0.20),,
Patrick Rodgers,Classic: PGA TOUR,https://dkn.gs/sports/images/golf/players/50/574.png,1141,44393197,PGA TOUR,10/8/2026,6400,69.94,0,0,0,16506.1 (0.01),3016.7 (0.03),1262.5 (0.07),457.0 (0.18),,
Tom Hoge,Classic: PGA TOUR,https://dkn.gs/sports/images/golf/players/50/648.png,1760,44393198,PGA TOUR,10/8/2026,6400,69.34,0,0,0,23798.3 (0.00),4250.0 (0.02),1766.7 (0.05),626.0 (0.14),,
Michael La Sasso,Classic: LIV,https://dkn.gs/sports/images/countries/50/united_states.png,849089,43867190,LIV Golf Indianapolis,8/20/2026,6400,17.3,0,0.5,0.5,,,,,,
Martin Kaymer,Classic: LIV,https://dkn.gs/sports/images/golf/players/50/817.png,1323,43867191,LIV Golf Indianapolis,8/20/2026,6400,17.3,0,0.5,0.5,,,,,,
Michael La Sasso,Classic: LIV,https://dkn.gs/sports/images/countries/50/united_states.png,849089,43867190,LIV Golf Indianapolis,8/20/2026,6400,17.3,0,0.5,0.5,,,,,,
Martin Kaymer,Classic: LIV,https://dkn.gs/sports/images/golf/players/50/817.png,1323,43867191,LIV Golf Indianapolis,8/20/2026,6400,17.3,0,0.5,0.5,,,,,,
Jinichiro Kozuma,Classic: PGA TOUR,,699783,44393199,PGA TOUR,10/8/2026,6300,64.14,0,0,0,19177.5 (0.01),3316.7 (0.03),1216.7 (0.08),518.0 (0.16),,
Sang-hee Lee,Classic: PGA TOUR,,123532,44393200,PGA TOUR,10/8/2026,6300,58.56,0,0,0,22790.0 (0.00),4080.0 (0.02),1520.0 (0.06),568.8 (0.15),,
David Lipsky,Classic: PGA TOUR,https://dkn.gs/sports/images/golf/players/50/752.png,586,44393201,PGA TOUR,10/8/2026,6300,68.69,0,0,0,26547.0 (0.00),5433.3 (0.02),1933.3 (0.05),664.0 (0.13),,
Björn Hellgren,Classic: LIV,https://dkn.gs/sports/images/countries/50/sweden.png,60263,43867192,LIV Golf Indianapolis,8/20/2026,6300,17.1,0,0.5,0.5,,,,,,
Graeme McDowell,Classic: LIV,https://dkn.gs/sports/images/golf/players/50/1184.png,1314,43867193,LIV Golf Indianapolis,8/20/2026,6300,17.1,0,0.5,0.5,,,,,,
Björn Hellgren,Classic: LIV,https://dkn.gs/sports/images/countries/50/sweden.png,60263,43867192,LIV Golf Indianapolis,8/20/2026,6300,17.1,0,0.5,0.5,,,,,,
Graeme McDowell,Classic: LIV,https://dkn.gs/sports/images/golf/players/50/1184.png,1314,43867193,LIV Golf Indianapolis,8/20/2026,6300,17.1,0,0.5,0.5,,,,,,
Andrew Putnam,Classic: PGA TOUR,https://dkn.gs/sports/images/golf/players/50/730.png,665,44393202,PGA TOUR,10/8/2026,6200,70.56,0,0,0,23632.2 (0.00),4583.3 (0.02),1866.7 (0.05),602.0 (0.14),,
Yusaku Hosono,Classic: PGA TOUR,,795243,44393203,PGA TOUR,10/8/2026,6200,58.29,0,0,0,26214.4 (0.00),4366.7 (0.02),1716.7 (0.06),590.0 (0.14),,
Ren Yonezawa,Classic: PGA TOUR,,795247,44393204,PGA TOUR,10/8/2026,6200,66.08,0,0,0,53133.8 (0.00),9183.3 (0.01),3416.7 (0.03),1055.0 (0.09),,
Doyeob Mun,Classic: LIV,https://dkn.gs/sports/images/countries/50/south_korea.png,692221,43867194,LIV Golf Indianapolis,8/20/2026,6200,16.9,0,0.5,0.5,,,,,,
Yosuke Asaji,Classic: LIV,https://dkn.gs/sports/images/countries/50/japan.png,697206,43867195,LIV Golf Indianapolis,8/20/2026,6200,16.9,0,0.5,0.5,,,,,,
Ollie Schniederjans,Classic: LIV,https://dkn.gs/sports/images/golf/players/50/1034.png,935,43893639,LIV Golf Indianapolis,8/20/2026,6200,16.9,0,0.5,0.5,,,,,,
Doyeob Mun,Classic: LIV,https://dkn.gs/sports/images/countries/50/south_korea.png,692221,43867194,LIV Golf Indianapolis,8/20/2026,6200,16.9,0,0.5,0.5,,,,,,
Yosuke Asaji,Classic: LIV,https://dkn.gs/sports/images/countries/50/japan.png,697206,43867195,LIV Golf Indianapolis,8/20/2026,6200,16.9,0,0.5,0.5,,,,,,
Ollie Schniederjans,Classic: LIV,https://dkn.gs/sports/images/golf/players/50/1034.png,935,43893639,LIV Golf Indianapolis,8/20/2026,6200,16.9,0,0.5,0.5,,,,,,
Hiroshi Iwata,Classic: PGA TOUR,https://dkn.gs/sports/images/golf/players/50/451356.png,1949,44393205,PGA TOUR,10/8/2026,6100,63.59,0,0,0,35217.2 (0.00),5450.0 (0.02),1991.7 (0.05),738.0 (0.12),,
Aguri Iwasaki,Classic: PGA TOUR,https://dkn.gs/sports/images/golf/players/50/679056.png,768699,44393206,PGA TOUR,10/8/2026,6100,62.09,0,0,0,48384.8 (0.00),7466.7 (0.01),2783.3 (0.03),978.0 (0.09),,
Tomohiro Ishizaka,Classic: PGA TOUR,,761466,44393207,PGA TOUR,10/8/2026,6100,57.44,0,0,0,81264.7 (0.00),9800.0 (0.01),3916.7 (0.02),1375.0 (0.07),,
Minkyu Kim,Classic: LIV,https://dkn.gs/sports/images/countries/50/south_korea.png,671052,43867196,LIV Golf Indianapolis,8/20/2026,6100,16.7,0,0.5,0.5,,,,,,
Sam Horsfield,Classic: LIV,https://dkn.gs/sports/images/golf/players/50/806.png,1939,43867197,LIV Golf Indianapolis,8/20/2026,6100,16.7,0,0.5,0.5,,,,,,
Max Rottluff,Classic: LIV,https://dkn.gs/sports/images/countries/50/germany.png,269059,43893637,LIV Golf Indianapolis,8/20/2026,6100,16.7,0,0.5,0.5,,,,,,
Minkyu Kim,Classic: LIV,https://dkn.gs/sports/images/countries/50/south_korea.png,671052,43867196,LIV Golf Indianapolis,8/20/2026,6100,16.7,0,0.5,0.5,,,,,,
Sam Horsfield,Classic: LIV,https://dkn.gs/sports/images/golf/players/50/806.png,1939,43867197,LIV Golf Indianapolis,8/20/2026,6100,16.7,0,0.5,0.5,,,,,,
Max Rottluff,Classic: LIV,https://dkn.gs/sports/images/countries/50/germany.png,269059,43893637,LIV Golf Indianapolis,8/20/2026,6100,16.7,0,0.5,0.5,,,,,,
Kosuke Sunagawa,Classic: PGA TOUR,,890804,44393208,PGA TOUR,10/8/2026,6000,56.95,0,0,0,64806.3 (0.00),10200.0 (0.01),3566.7 (0.03),959.0 (0.09),,
Yoshinori Fujimoto,Classic: PGA TOUR,https://dkn.gs/sports/images/golf/players/50/1048.png,922,44393209,PGA TOUR,10/8/2026,6000,56.92,0,0,0,72844.4 (0.00),10600.0 (0.01),4283.3 (0.02),1545.0 (0.06),,
Koshin Nagasaki,Classic: PGA TOUR,,890803,44393210,PGA TOUR,10/8/2026,6000,57.12,0,0,0,163349.8 (0.00),24000.0 (0.00),9916.7 (0.01),3050.0 (0.03),,
Miguel Tabuena,Classic: LIV,https://dkn.gs/sports/images/countries/50/philippines.png,406,43867198,LIV Golf Indianapolis,8/20/2026,6000,16.5,0,0.5,0.5,,,,,,
Ben Campbell,Classic: LIV,https://dkn.gs/sports/images/countries/50/new_zealand.png,286512,43867199,LIV Golf Indianapolis,8/20/2026,6000,16.5,0,0.5,0.5,,,,,,
Miguel Tabuena,Classic: LIV,https://dkn.gs/sports/images/countries/50/philippines.png,406,43867198,LIV Golf Indianapolis,8/20/2026,6000,16.5,0,0.5,0.5,,,,,,
Ben Campbell,Classic: LIV,https://dkn.gs/sports/images/countries/50/new_zealand.png,286512,43867199,LIV Golf Indianapolis,8/20/2026,6000,16.5,0,0.5,0.5,,,,,,