TOURNAMENT SCORECARD SUMMARY,,,,,,,,,,,
"Event: Baycurrent Classic (401850916) | Success: 72 | Failed: 0 | Updated: 10/8/2026, 7:58:52 PM",,,,,,,,,,,
⚠ No scorecard data retrieved. Most players are probably not in this event's field.,,,,,,,,,,,
Player,Round,Score,To Par,Birdies,Eagles,Bogeys,Doubles+,Front 9,Back 9,Pars,Thru
Zach Bauchou,1,69,-2,6,0,2,1,32,37,9,F
Denny McCarthy,1,68,-3,5,0,2,0,35,33,11,F
Xander Schauffele,1,70,-1,4,0,3,0,34,36,11,F
Kurt Kitayama,1,71,E,5,0,0,0,39,32,12,F
Kurt Kitayama,2,7,-1,1,0,0,0,7,,1,2
Matt Wallace,1,70,-1,1,1,2,0,36,34,14,F
Collin Morikawa,1,67,-4,7,0,3,0,32,35,8,F
Taylor Moore,1,72,+1,3,0,4,0,35,37,11,F
Taylor Moore,2,6,-2,2,0,0,0,6,,0,2
Sahith Theegala,1,74,+3,4,0,7,0,36,38,7,F
Sahith Theegala,2,11,E,1,0,1,0,11,,1,3
Max Greyserman,1,70,-1,5,0,2,1,33,37,10,F
Wyndham Clark,1,70,-1,4,0,3,0,32,38,11,F
Wyndham Clark,2,8,E,0,0,0,0,8,,2,2
Sungjae Im,1,69,-2,5,0,3,0,35,34,10,F
Doug Ghim,1,69,-2,5,0,1,1,36,33,11,F
Brian Harman,1,69,-2,3,0,1,0,34,35,14,F
Brian Harman,2,4,E,0,0,0,0,4,,1,1
Billy Horschel,1,71,E,3,0,1,1,37,34,13,F
Tony Finau,1,71,E,1,0,1,0,36,35,16,F
Tony Finau,2,9,-2,2,0,0,0,9,,1,3
Rickie Fowler,1,73,+2,3,0,1,2,37,36,12,F
Rickie Fowler,2,4,E,0,0,0,0,4,,1,1
Nick Taylor,1,71,E,3,0,3,0,33,38,12,F
Hiroshi Iwata,1,68,-3,6,0,3,0,34,34,9,F
Hiroshi Iwata,2,16,E,1,0,1,0,16,,2,4
Adam Scott,1,69,-2,4,0,2,0,34,35,12,F
Adam Scott,2,8,E,0,0,0,0,8,,2,2
Kevin Yu,1,74,+3,4,0,5,1,40,34,8,F
Kevin Yu,2,10,-1,1,0,0,0,10,,2,3
Kristoffer Ventura,1,66,-5,6,0,1,0,34,32,11,F
Lee Hodges,1,69,-2,4,0,2,0,35,34,12,F
Nico Echavarria,1,67,-4,5,0,1,0,34,33,12,F
Kevin Roy,1,70,-1,4,0,3,0,35,35,11,F
Kevin Roy,2,16,E,1,0,1,0,16,,2,4
Takumi Kanaya,1,70,-1,2,0,1,0,34,36,15,F
Min Woo Lee,1,67,-4,6,0,2,0,36,31,10,F
Michael Thorbjornsen,1,66,-5,7,0,2,0,31,35,9,F
Steven Fisk,1,74,+3,3,0,4,1,35,39,10,F
Steven Fisk,2,9,+1,0,0,1,0,9,,1,2
Keegan Bradley,1,72,+1,3,0,4,0,34,38,11,F
Keegan Bradley,2,3,-1,1,0,0,0,3,,0,1
Chandler Phillips,1,70,-1,3,0,2,0,36,34,13,F
Chandler Phillips,2,12,+1,1,0,2,0,12,,0,3
Jinichiro Kozuma,1,74,+3,3,0,4,1,39,35,10,F
Davis Thompson,1,73,+2,5,0,7,0,36,37,6,F
Davis Thompson,2,4,E,0,0,0,0,4,,1,1
John Parry,1,68,-3,5,0,2,0,35,33,11,F
Ricky Castillo,1,65,-6,5,1,1,0,33,32,11,F
Ren Yonezawa,1,68,-3,4,0,1,0,34,34,13,F
Keita Nakajima,1,69,-2,4,0,2,0,34,35,12,F
Tomohiro Ishizaka,1,70,-1,5,0,4,0,39,31,9,F
Tomohiro Ishizaka,2,10,-1,1,0,0,0,10,,2,3
Mac Meissner,1,65,-6,5,1,1,0,35,30,11,F
Pierceson Coody,1,65,-6,6,1,0,1,34,31,10,F
Justin Thomas,1,69,-2,4,0,2,0,34,35,12,F
Justin Thomas,2,8,E,0,0,0,0,8,,2,2
Ryo Hisatsune,1,67,-4,5,0,1,0,34,33,12,F
Ryo Hisatsune,2,8,E,0,0,0,0,8,,2,2
Rasmus Neergaard-Petersen,1,74,+3,3,0,6,0,36,38,9,F
Rasmus Neergaard-Petersen,2,16,E,1,0,1,0,16,,2,4
Aguri Iwasaki,1,74,+3,3,0,6,0,37,37,9,F
Aguri Iwasaki,2,10,-1,1,0,0,0,10,,2,3
Matt McCarty,1,70,-1,4,0,3,0,36,34,11,F
Michael Brennan,1,68,-3,4,0,1,0,34,34,13,F
Jackson Suber,1,72,+1,3,0,4,0,35,37,11,F
Jacob Bridgeman,1,63,-8,8,0,0,0,32,31,10,F
Ryan Gerard,1,68,-3,3,1,0,1,34,34,13,F
Ryan Gerard,2,11,E,0,0,0,0,11,,3,3
Aldrich Potgieter,1,77,+6,3,0,5,2,38,39,8,F
Yusaku Hosono,1,72,+1,2,0,1,1,35,37,14,F
Yusaku Hosono,2,9,+1,0,0,1,0,9,,1,2
Johnny Keefer,1,68,-3,4,0,1,0,34,34,13,F
Johnny Keefer,2,15,-1,2,0,1,0,15,,1,4
Kosuke Sunagawa,1,69,-2,4,0,2,0,33,36,12,F
Koshin Nagasaki,1,72,+1,4,0,3,1,36,36,10,F
Jordan Spieth,1,72,+1,4,0,3,1,36,36,10,F
Andrew Putnam,1,66,-5,6,0,1,0,34,32,11,F
Hideki Matsuyama,1,67,-4,6,0,2,0,35,32,10,F
Hideki Matsuyama,2,3,-1,1,0,0,0,3,,0,1
Beau Hossler,1,70,-1,4,0,3,0,33,37,11,F
Tom Hoge,1,81,+10,1,0,7,2,43,38,8,F
Tom Hoge,2,4,E,0,0,0,0,4,,1,1
David Lipsky,1,66,-5,6,0,1,0,33,33,11,F
David Lipsky,2,4,E,0,0,0,0,4,,1,1
Sanghee Lee,1,72,+1,4,0,5,0,39,33,9,F
Patrick Rodgers,1,73,+2,2,1,4,1,34,39,10,F
Patrick Rodgers,2,12,+1,0,0,1,0,12,,2,3
Yoshinori Fujimoto,1,72,+1,4,0,2,1,38,34,11,F
Yoshinori Fujimoto,2,15,-1,1,0,0,0,15,,3,4
Ben Kohles,1,71,E,2,0,2,0,35,36,14,F
Stephan Jaeger,1,69,-2,4,0,2,0,33,36,12,F
Keith Mitchell,1,66,-5,7,0,2,0,34,32,9,F
Max Homa,1,65,-6,7,0,1,0,31,34,10,F
Max Homa,2,9,+1,0,0,1,0,9,,1,2
Michael Kim,1,68,-3,6,0,3,0,34,34,9,F
Christiaan Bezuidenhout,1,68,-3,8,0,2,1,37,31,7,F
Christiaan Bezuidenhout,2,14,-2,2,0,0,0,14,,2,4
Alex Smalley,1,71,E,2,1,4,0,34,37,11,F
Jordan Smith,1,64,-7,7,0,0,0,32,32,11,F
Jordan Smith,2,11,E,0,0,0,0,11,,3,3
Maverick McNealy,1,72,+1,5,0,4,1,35,37,8,F
Taylor Pendrith,1,72,+1,3,0,4,0,35,37,11,F